0,1,6, 4,12,5,5,3,4,1,67,3,2,1,2,1,0,0,1,0,0,1,0,0,1,1.0
1,2,48, 2,60,1,3,2,2,1,22,3,1,1,1,1,0,0,1,0,0,1,0,0,1,2.0
2,4,12, 4,21,1,4,3,3,1,49,3,1,2,1,1,0,0,1,0,0,1,0,1,0,1.0
3,1,42, 2,79,1,4,3,4,2,45,3,1,2,1,1,0,0,0,0,0,0,0,0,1,1.0
4,1,24, 3,49,1,3,3,4,4,53,3,2,2,1,1,1,0,1,0,0,0,0,0,1,2.0
5,4,36, 2,91,5,3,3,4,4,35,3,1,2,2,1,0,0,1,0,0,0,0,1,0,1.0
6,4,24, 2,28,3,5,3,4,2,53,3,1,1,1,1,0,0,1,0,0,1,0,0,1,1.0
7,2,36, 2,69,1,3,3,2,3,35,3,1,1,2,1,0,1,1,0,1,0,0,0,0,1.0
8,4,12, 2,31,4,4,1,4,1,61,3,1,1,1,1,0,0,1,0,0,1,0,1,0,1.0
9,2,30, 4,52,1,1,4,2,3,28,3,2,1,1,1,1,0,1,0,0,1,0,0,0,2.0
10,2,12, 2,13,1,2,2,1,3,25,3,1,1,1,1,1,0,1,0,1,0,0,0,1,2.0
11,1,48, 2,43,1,2,2,4,2,24,3,1,1,1,1,0,0,1,0,1,0,0,0,1,2.0
12,2,12, 2,16,1,3,2,1,3,22,3,1,1,2,1,0,0,1,0,0,1,0,0,1,1.0
13,1,24, 4,12,1,5,3,4,3,60,3,2,1,1,1,1,0,1,0,0,1,0,1,0,2.0
14,1,15, 2,14,1,3,2,4,3,28,3,1,1,1,1,1,0,1,0,1,0,0,0,1,1.0
15,1,24, 2,13,2,3,2,2,3,32,3,1,1,1,1,0,0,1,0,0,1,0,1,0,2.0
16,4,24, 4,24,5,5,3,4,2,53,3,2,1,1,1,0,0,1,0,0,1,0,0,1,1.0
17,1,30, 0,81,5,2,3,3,3,25,1,3,1,1,1,0,0,1,0,0,1,0,0,1,1.0
18,2,24,2,126,1,5,2,2,4,44,3,1,1,2,1,0,1,1,0,0,0,0,0,0,2.0
19,4,24, 2,34,3,5,3,2,3,31,3,1,2,2,1,0,0,1,0,0,1,0,0,1,1.0
20,4,9, 4,21,1,3,3,4,3,48,3,3,1,2,1,1,0,1,0,0,1,0,0,1,1.0
21,1,6, 2,26,3,3,3,3,1,44,3,1,2,1,1,0,0,1,0,1,0,0,0,1,1.0
22,1,10, 4,22,1,2,3,3,1,48,3,2,2,1,2,1,0,1,0,1,0,0,1,0,1.0
23,2,12, 4,18,2,2,3,4,2,44,3,1,1,1,1,0,1,1,0,0,1,0,0,1,1.0
24,4,10, 4,21,5,3,4,1,3,26,3,2,1,1,2,0,0,1,0,0,1,0,0,1,1.0
25,1,6, 2,14,1,3,3,2,1,36,1,1,1,2,1,0,0,1,0,0,1,0,1,0,1.0
26,4,6, 0,4,1,5,4,4,3,39,3,1,1,1,1,0,0,1,0,0,1,0,1,0,1.0
27,3,12, 1,4,4,3,2,3,1,42,3,2,1,1,1,0,0,1,0,1,0,0,0,1,1.0
28,2,7, 2,24,1,3,3,2,1,34,3,1,1,1,1,0,0,0,0,0,1,0,0,1,1.0
29,1,60, 3,68,1,5,3,4,4,63,3,2,1,2,1,0,0,1,0,0,1,0,0,1,2.0
30,2,18, 2,19,4,2,4,3,1,36,1,1,1,2,1,0,0,1,0,0,1,0,0,1,1.0
31,1,24, 2,40,1,3,3,2,3,27,2,1,1,1,1,0,0,1,0,0,1,0,0,1,1.0
32,2,18, 2,59,2,3,3,2,3,30,3,2,1,2,1,1,0,1,0,0,1,0,0,1,1.0
33,4,12, 4,13,5,5,3,4,4,57,3,1,1,1,1,0,0,1,0,1,0,0,1,0,1.0
34,3,12, 2,15,1,2,2,1,2,33,1,1,1,2,1,0,0,1,0,0,1,0,0,0,1.0
35,2,45, 4,47,1,2,3,2,2,25,3,2,1,1,1,0,0,1,0,0,1,0,1,0,2.0
36,4,48, 4,61,1,3,3,3,4,31,1,1,1,2,1,0,0,1,0,0,0,0,0,1,1.0
37,3,18, 2,21,1,3,3,2,1,37,2,1,1,1,1,0,0,0,1,0,1,0,0,1,2.0
38,3,10, 2,12,1,3,3,2,3,37,3,1,1,2,1,0,0,1,0,0,1,0,0,1,1.0
39,2,9, 2,5,1,3,3,3,1,24,3,1,1,1,1,0,0,1,0,0,1,0,0,1,1.0
40,4,30, 2,23,3,5,3,2,3,30,1,1,1,1,1,0,0,1,0,0,1,0,0,0,1.0
41,2,12, 2,12,3,3,1,1,3,26,3,1,1,2,1,0,0,1,0,0,1,0,0,1,1.0
42,2,18, 3,62,1,3,3,4,1,44,3,1,2,2,1,0,0,1,0,0,1,0,1,0,1.0
43,1,30, 4,62,2,4,4,4,3,24,3,2,1,1,1,0,1,1,0,1,0,0,0,1,1.0
44,1,48, 4,61,1,5,2,4,4,58,2,2,1,1,1,0,1,1,0,0,0,0,1,0,2.0
45,4,11, 4,14,1,2,2,4,3,35,3,2,1,1,1,1,0,1,0,0,1,0,0,0,1.0
46,4,36, 2,23,3,5,3,4,3,39,3,1,1,1,1,0,0,1,0,0,1,0,0,1,1.0
47,1,6, 2,14,3,1,2,2,2,23,3,1,1,2,1,0,1,1,0,1,0,1,0,0,1.0
48,4,11, 4,72,1,3,3,4,2,39,3,2,1,1,1,1,0,1,0,0,1,0,1,0,1.0
49,4,12, 2,21,2,3,2,2,1,28,3,1,1,1,1,0,0,0,1,0,1,0,0,1,1.0
50,2,24, 3,23,5,2,3,2,2,29,1,1,1,1,1,0,0,1,0,0,1,0,1,0,1.0
51,2,27, 3,60,1,5,3,2,3,30,3,2,1,2,1,0,1,1,0,0,1,0,0,0,1.0
52,4,12, 2,13,1,3,3,2,3,25,3,1,1,1,1,0,0,1,0,0,1,0,0,1,1.0
53,4,18, 2,34,5,3,3,1,2,31,3,1,1,2,1,0,1,1,0,0,1,0,0,1,1.0
54,2,36, 3,22,1,5,3,4,4,57,1,2,1,2,1,1,0,1,0,0,0,0,0,1,2.0
55,4,6, 1,8,5,3,3,2,1,26,2,1,2,1,1,1,0,0,0,0,1,0,1,0,1.0
56,2,12, 2,65,5,1,3,1,4,52,3,1,1,2,1,0,0,1,0,0,1,0,0,0,2.0
57,4,36, 4,96,1,3,2,2,3,31,2,2,1,1,1,0,0,1,0,0,1,0,0,1,1.0
58,3,18, 2,20,1,5,2,2,3,23,3,1,1,1,1,1,0,1,0,0,1,0,0,0,1.0
59,1,36, 4,62,1,2,2,4,4,23,3,2,1,2,1,0,0,0,1,1,0,0,1,0,2.0
60,2,9, 2,14,1,3,4,1,1,27,1,1,1,2,1,0,0,1,0,0,1,0,0,1,1.0
61,2,15, 4,15,5,5,3,4,1,50,3,2,1,2,1,0,0,0,0,0,1,0,0,1,1.0
62,2,36, 0,20,1,5,3,4,4,61,3,1,1,2,1,0,0,1,0,0,0,0,0,0,2.0
63,2,48,0,144,1,3,3,2,3,25,3,1,1,2,1,0,0,1,0,0,1,0,0,1,2.0
64,4,24, 2,32,1,2,2,4,2,26,3,1,1,2,1,0,0,1,0,0,1,0,0,1,1.0
65,4,27, 2,52,5,5,3,4,2,48,3,4,2,2,1,0,0,1,0,0,1,0,0,1,1.0
66,4,12, 2,22,1,2,2,2,3,29,1,1,1,1,1,0,0,1,0,0,1,0,0,1,1.0
67,2,12, 2,10,4,3,4,1,1,22,3,1,1,1,1,1,0,1,0,0,1,0,0,1,1.0
68,4,36, 2,18,1,3,3,4,4,37,2,1,1,2,1,0,0,1,0,0,0,0,0,1,2.0
69,4,36, 2,24,5,3,2,4,3,25,3,1,1,1,1,0,0,1,0,0,1,0,0,1,1.0
70,4,36, 2,81,1,3,2,2,2,30,1,1,1,1,1,0,1,1,0,0,1,0,0,1,1.0
71,4,7, 4,7,5,5,3,2,2,46,3,2,1,2,1,0,0,1,0,1,0,0,1,0,1.0
72,1,8, 4,12,1,5,3,4,4,51,1,2,2,2,1,0,0,1,0,0,0,0,0,0,1.0
73,2,42, 4,60,1,4,2,1,1,41,1,2,1,1,1,0,0,1,0,0,1,0,1,0,1.0
74,1,36, 2,20,5,5,3,4,4,40,3,1,1,2,1,0,0,1,0,0,1,0,0,0,2.0
75,1,12, 4,15,1,5,3,4,4,66,3,2,1,1,1,0,1,1,0,0,0,0,0,0,1.0
76,1,42, 2,40,1,2,3,3,3,34,3,1,1,1,1,0,0,1,0,0,1,0,0,1,2.0
77,2,11, 3,48,1,4,3,4,2,51,3,1,1,1,1,0,0,1,0,0,1,0,0,1,1.0
78,4,54, 0,94,5,3,3,2,2,39,3,1,2,1,1,0,1,1,0,0,1,0,1,0,1.0
79,2,30, 2,38,1,2,4,1,2,22,3,1,1,1,1,0,0,1,0,0,1,0,0,1,1.0
80,4,24, 2,59,5,2,2,1,3,44,3,2,1,2,1,0,0,1,0,0,1,0,0,1,2.0
81,4,15, 2,12,3,5,3,3,2,47,2,1,1,2,1,0,0,1,0,0,1,0,0,1,1.0
82,4,18, 2,16,2,3,2,4,2,24,3,1,1,1,1,0,0,1,0,1,0,0,1,0,1.0
83,1,24, 2,18,1,5,2,4,1,58,3,1,1,2,1,0,0,0,0,0,1,0,1,0,1.0
84,1,10, 2,23,1,5,3,4,1,52,3,1,1,1,1,0,0,1,0,0,1,0,1,0,1.0
85,4,12, 4,14,1,3,2,2,1,29,3,2,1,2,1,0,0,0,0,0,1,0,0,0,1.0
86,2,18, 4,13,1,2,2,1,2,27,3,2,1,1,1,0,0,1,0,0,1,0,0,1,1.0
87,2,36,2,126,2,3,3,4,4,47,3,1,2,2,1,0,0,1,0,0,0,0,0,1,2.0
88,1,18, 2,22,2,4,3,3,3,30,3,1,2,2,1,1,0,1,0,0,1,0,0,0,1.0
89,1,12, 0,11,1,4,3,3,1,28,3,2,1,1,1,0,0,1,0,0,1,0,0,1,2.0
90,4,12, 4,6,1,5,3,4,1,56,3,1,1,1,1,0,0,1,0,0,1,0,0,1,1.0
91,1,12, 4,14,1,5,3,3,1,54,3,1,1,1,1,0,1,1,0,0,1,0,0,1,1.0
92,4,12, 4,8,5,5,2,3,2,33,1,1,2,1,1,0,0,1,0,0,1,0,1,0,2.0
93,3,24, 4,36,5,5,3,4,4,20,3,2,1,1,1,0,0,0,1,1,0,0,0,1,1.0
94,2,12, 2,13,4,5,3,4,1,54,3,1,1,2,1,1,0,1,0,0,1,0,0,1,1.0
95,2,54,0,159,1,2,3,4,4,58,3,1,1,2,1,0,0,1,0,1,0,0,0,1,2.0
96,4,12, 4,20,5,4,2,2,3,61,3,1,1,1,1,0,0,1,0,0,1,0,0,1,1.0
97,2,18, 2,26,2,3,3,4,3,34,3,1,1,1,1,0,0,1,0,0,1,0,0,1,1.0
98,2,36, 4,23,1,5,3,4,1,36,3,1,1,1,1,0,0,1,0,0,1,0,0,1,1.0
99,2,20, 3,71,5,4,3,4,2,36,1,2,2,2,1,0,1,1,0,1,0,0,0,0,1.0
100,4,24, 2,15,2,5,4,4,1,41,3,1,1,1,1,1,0,1,0,1,0,0,1,0,1.0
101,2,36, 2,23,1,4,3,4,3,24,3,1,1,1,1,0,0,1,0,1,0,0,0,1,1.0
102,4,6, 3,9,1,3,2,2,1,24,3,1,1,1,1,0,0,1,0,0,1,0,0,1,1.0
103,2,9, 4,19,1,4,3,3,3,35,3,1,1,2,1,0,0,1,0,1,0,0,0,1,1.0
104,4,12, 2,24,5,2,4,4,3,26,3,1,1,2,1,0,1,1,0,1,0,0,0,1,1.0
105,2,24,4,119,1,3,3,3,3,39,3,2,2,2,1,0,0,0,1,0,1,0,0,0,2.0
106,4,18, 1,65,1,5,3,4,4,39,1,2,2,2,1,1,0,1,0,0,1,0,0,0,2.0
107,2,12, 2,61,1,4,3,2,3,32,3,1,1,1,1,1,0,1,0,0,1,0,0,1,1.0
108,1,24, 2,77,5,2,2,2,2,30,3,1,1,2,2,0,0,1,0,0,1,0,0,1,1.0
109,2,14, 2,14,3,5,4,2,1,35,3,1,1,2,1,0,0,1,0,0,1,0,0,1,1.0
110,2,6, 3,14,2,5,1,2,3,31,1,2,2,1,1,0,0,1,0,0,1,0,0,1,1.0
111,3,15, 2,4,1,2,2,4,2,23,3,1,1,2,1,0,0,1,0,1,0,0,0,1,1.0
112,2,18, 2,63,1,4,3,3,1,28,3,1,1,1,1,1,0,1,0,1,0,0,1,0,1.0
113,4,36, 4,79,1,3,2,2,1,25,2,2,1,2,1,1,0,1,0,0,1,0,0,1,2.0
114,1,12, 2,17,3,5,4,1,1,35,3,1,1,1,1,0,0,1,0,0,1,0,0,1,1.0
115,4,48, 4,36,5,5,3,1,1,47,3,1,1,2,1,0,0,1,0,0,1,0,0,1,1.0
116,1,42, 2,72,5,4,2,3,3,30,3,1,1,2,1,0,0,1,0,0,1,0,0,0,2.0
117,1,10, 4,21,5,2,2,3,1,27,3,2,1,1,2,0,0,0,1,1,0,0,0,1,1.0
118,1,33, 4,43,3,3,2,4,3,23,3,2,1,1,1,0,0,1,0,0,1,0,0,1,2.0
119,2,12, 4,24,3,4,1,3,3,36,3,1,1,2,1,1,0,1,0,0,1,0,0,0,1.0
120,1,21, 2,18,1,3,2,2,1,25,3,2,1,2,1,0,0,1,0,0,1,0,0,1,2.0
121,4,24, 4,39,1,5,2,2,3,41,3,2,1,2,1,0,1,1,0,1,0,0,0,0,1.0
122,4,12, 2,18,1,3,3,2,1,24,3,1,1,1,1,0,0,1,0,1,0,0,1,0,1.0
123,3,10, 4,8,1,5,3,4,4,63,3,2,1,2,1,1,0,1,0,0,0,0,0,1,1.0
124,2,18, 2,19,5,2,2,3,1,27,3,1,1,1,1,0,0,1,0,1,0,0,0,1,2.0
125,1,12, 4,21,1,3,3,2,2,30,3,2,1,1,1,1,0,1,0,0,1,0,0,1,1.0
126,1,12, 2,7,1,3,4,2,1,40,3,1,1,1,1,0,0,1,0,0,1,0,1,0,1.0
127,2,12, 2,6,1,3,3,2,3,30,3,1,1,1,1,0,0,1,0,0,1,0,0,1,2.0
128,2,12, 4,19,1,1,3,2,3,34,3,2,1,2,1,0,1,1,0,0,1,0,0,0,1.0
129,1,12, 4,35,1,3,2,2,1,29,3,2,1,1,1,1,0,0,1,0,1,0,0,1,2.0
130,2,48, 2,85,5,4,2,2,3,24,3,1,1,1,1,1,0,1,0,0,1,0,0,1,1.0
131,1,36, 3,69,1,3,3,3,2,29,2,1,1,2,1,0,0,1,0,0,1,0,0,1,2.0
132,4,15, 2,27,1,2,3,3,2,27,1,2,1,1,1,0,0,1,0,0,1,0,1,0,1.0
133,4,18, 2,20,1,3,3,4,4,47,1,2,1,1,1,0,0,1,0,0,0,0,0,1,1.0
134,4,60,2,101,2,4,2,4,1,21,3,1,1,2,1,0,0,1,0,0,1,0,0,1,1.0
135,4,12, 4,12,5,5,2,2,1,38,3,2,1,2,1,0,0,1,0,0,1,0,0,1,1.0
136,4,27, 3,86,4,3,3,2,3,27,3,2,1,1,1,0,1,1,0,0,1,0,0,1,1.0
137,2,12, 2,8,3,3,3,3,1,66,3,1,1,1,1,0,0,1,0,0,1,0,1,0,2.0
138,2,15, 4,27,5,4,3,2,1,35,1,3,1,2,1,0,0,0,0,0,1,0,0,1,1.0
139,3,12, 2,19,1,3,2,2,3,44,3,1,1,2,1,0,0,1,0,1,0,0,1,0,1.0
140,3,6, 2,7,4,2,4,2,1,27,3,1,1,1,2,1,0,1,0,0,1,1,0,0,1.0
141,2,36, 2,48,1,2,2,1,4,30,3,1,1,2,1,0,0,1,0,0,1,0,0,0,1.0
142,1,27, 2,34,1,3,3,2,3,27,3,1,1,1,1,0,0,1,0,0,1,0,0,0,1.0
143,1,18, 2,25,1,3,3,2,3,22,3,1,1,1,1,0,0,1,0,0,1,0,0,1,2.0
144,4,21, 4,23,1,2,2,4,2,23,3,1,1,2,1,0,0,1,0,0,1,0,0,1,1.0
145,2,48, 1,36,2,4,3,2,3,30,3,1,1,1,1,0,0,1,0,0,1,0,0,1,1.0
146,1,6, 4,9,1,5,2,4,4,39,3,2,1,2,1,1,0,1,0,0,1,0,0,1,1.0
147,4,12, 4,7,2,4,2,3,3,51,3,2,1,2,1,1,0,1,0,0,1,0,0,1,1.0
148,1,36, 4,54,1,3,3,2,2,28,3,2,1,1,1,0,0,0,0,0,1,0,0,1,1.0
149,4,18, 4,16,4,5,3,4,3,46,3,2,1,1,1,0,0,1,0,0,1,0,0,1,1.0
150,4,6, 2,13,2,5,3,4,4,42,1,1,2,2,1,0,0,1,0,0,0,0,0,1,1.0
151,4,10, 2,19,1,3,3,4,2,38,3,1,1,2,2,0,0,1,0,0,1,0,0,1,1.0
152,3,36, 2,58,1,3,3,1,3,24,3,1,1,1,1,0,0,1,0,0,1,0,0,1,1.0
153,2,24, 4,78,4,5,2,4,4,29,3,1,1,1,1,0,1,1,0,1,0,0,0,1,1.0
154,2,24, 3,70,2,4,3,4,3,36,3,1,1,2,1,0,0,1,0,1,0,0,0,0,1.0
155,1,12, 2,13,1,3,2,4,3,20,3,1,1,1,1,0,0,1,0,1,0,0,0,1,2.0
156,1,9, 4,13,2,5,3,4,1,48,3,2,2,1,2,0,0,0,0,0,1,0,0,1,1.0
157,1,12, 1,3,1,5,4,1,3,45,1,1,1,1,1,0,0,1,0,0,1,0,1,0,1.0
158,2,24, 2,35,2,4,3,3,3,38,1,2,1,2,1,1,0,1,0,0,1,0,0,1,1.0
159,4,6, 4,19,5,3,3,2,1,34,3,2,2,1,1,0,0,1,0,0,1,0,1,0,1.0
160,4,24, 4,29,2,5,3,4,1,36,3,1,2,2,1,0,0,1,0,0,1,0,0,1,1.0
161,4,18, 4,11,1,2,2,1,2,30,3,2,1,1,1,1,0,1,0,0,1,0,0,1,1.0
162,4,15, 2,13,3,4,3,3,2,36,3,2,1,2,1,0,0,1,0,0,1,0,0,1,1.0
163,2,10, 2,73,1,1,3,4,4,70,1,1,1,2,1,1,0,1,0,0,0,0,0,0,1.0
164,4,36, 2,9,3,5,3,4,2,36,3,1,1,1,1,1,0,1,0,0,1,0,0,1,1.0
165,4,6, 2,30,3,3,3,2,3,32,3,1,1,2,1,0,0,1,0,0,1,0,0,1,1.0
166,1,18, 2,11,1,1,2,2,3,33,3,1,1,1,1,0,0,1,0,0,1,0,0,1,2.0
167,2,11, 2,16,4,2,2,1,1,20,3,1,1,1,1,0,0,1,0,0,1,0,0,1,1.0
168,4,24, 2,40,1,4,2,4,2,25,3,1,1,2,1,0,0,1,0,1,0,0,0,1,1.0
169,2,24, 4,19,1,5,1,4,1,31,3,2,1,2,1,0,0,1,0,0,1,0,0,1,2.0
170,1,15, 0,10,1,5,3,3,3,33,3,2,2,1,1,1,0,1,0,1,0,0,0,1,2.0
171,4,12, 2,8,1,3,2,1,1,26,3,1,1,2,1,0,0,1,0,0,1,0,0,1,1.0
172,2,24, 3,21,1,1,2,2,2,34,3,1,1,2,1,0,0,1,0,0,1,0,0,0,2.0
173,2,8, 2,14,1,3,3,2,1,33,3,1,1,1,2,0,0,0,0,0,1,0,0,1,1.0
174,1,21, 3,34,1,2,3,1,2,26,3,2,1,1,1,0,0,1,0,0,1,0,0,1,2.0
175,4,30, 1,75,5,1,2,1,1,53,1,1,1,2,1,0,1,1,0,0,1,0,0,0,2.0
176,1,12, 2,26,1,3,1,1,3,42,3,1,1,1,1,0,0,1,0,0,1,0,0,1,1.0
177,1,6, 4,3,3,5,3,4,3,52,3,2,1,1,1,0,0,1,0,0,1,0,0,1,1.0
178,4,12, 2,20,1,4,3,2,3,31,3,2,2,2,1,0,0,1,0,1,0,0,0,0,1.0
179,1,21, 4,6,1,5,3,4,1,65,3,2,1,1,1,1,0,1,0,0,1,0,0,1,1.0
180,4,36, 3,96,1,2,1,1,3,28,3,2,1,1,1,0,0,1,0,0,1,0,0,1,2.0
181,2,36, 3,45,1,3,1,2,1,30,2,2,1,2,1,0,0,1,0,0,1,0,0,0,2.0
182,1,21, 1,16,5,3,3,2,2,40,3,2,2,1,1,1,0,1,0,0,1,0,1,0,2.0
183,4,24, 4,38,4,3,3,4,1,50,3,1,1,2,1,0,0,1,0,0,1,0,0,1,1.0
184,2,18, 4,9,1,5,3,4,3,36,1,1,2,2,1,1,0,1,0,0,1,0,0,1,2.0
185,4,15, 4,14,1,3,3,2,2,31,3,2,1,1,1,0,0,1,0,0,1,0,0,1,1.0
186,2,9, 1,51,1,5,2,4,4,74,1,1,2,2,1,0,1,1,0,0,0,0,0,0,2.0
187,2,16, 4,12,1,1,3,3,3,68,3,3,1,2,1,1,0,1,0,0,0,1,0,0,1.0
188,1,12, 2,7,2,4,4,1,2,20,3,1,1,1,1,0,0,1,0,0,1,0,0,1,2.0
189,2,18, 0,32,1,3,2,4,3,33,1,2,1,2,1,0,0,1,0,0,1,0,0,1,1.0
190,4,24, 2,46,4,3,3,3,2,54,3,3,1,2,1,0,0,1,0,0,1,0,0,0,2.0
191,2,48, 0,38,2,4,3,4,4,34,3,1,2,1,1,0,0,1,0,0,0,0,1,0,2.0
192,2,27, 2,39,1,3,3,2,3,36,3,1,2,2,1,0,0,1,0,0,1,0,0,1,2.0
193,4,6, 2,21,1,4,4,2,1,29,3,1,1,1,1,0,0,1,0,1,0,0,0,1,1.0
194,2,45, 2,30,2,3,3,4,2,21,3,1,1,1,1,0,0,0,0,1,0,0,0,1,2.0
195,2,9, 4,15,1,5,2,3,3,34,3,2,1,2,1,0,0,1,0,0,1,0,0,0,2.0
196,4,6, 4,14,1,3,2,1,3,28,3,2,1,2,1,0,0,1,0,0,1,0,0,1,1.0
197,2,12, 2,10,2,2,2,4,3,27,1,4,1,1,1,0,0,1,0,1,0,0,0,1,2.0
198,2,24, 2,28,5,5,3,4,4,36,1,1,1,2,1,0,1,1,0,0,0,0,0,1,1.0
199,2,18, 3,43,1,5,1,3,4,40,3,1,1,2,1,0,0,1,0,0,1,0,0,0,2.0
200,4,9, 4,9,3,5,3,2,3,52,3,2,1,2,1,0,0,1,0,0,1,0,0,1,1.0
201,1,12, 2,12,1,3,4,3,1,27,3,1,1,1,1,1,0,1,0,0,1,0,1,0,1.0
202,4,27, 3,51,1,4,3,4,3,26,3,2,1,1,1,0,0,1,0,0,1,0,0,1,1.0
203,1,12, 2,9,1,4,4,4,2,21,3,1,1,1,1,0,0,1,0,1,0,0,0,1,2.0
204,4,12, 4,15,1,5,3,1,1,38,3,2,2,1,1,1,0,1,0,0,1,0,1,0,1.0
205,1,30,4,106,1,5,3,4,4,38,3,3,2,2,1,0,1,1,0,0,0,0,0,0,1.0
206,4,12, 4,19,1,5,3,4,1,43,3,3,1,2,1,0,0,1,0,0,1,0,0,1,1.0
207,2,12, 4,14,1,4,3,3,2,26,3,1,1,1,1,0,0,1,0,0,1,0,0,1,1.0
208,1,24, 2,66,1,3,4,2,3,21,2,1,1,1,1,0,0,1,0,0,1,0,1,0,1.0
209,4,12, 2,14,4,4,3,2,2,55,3,1,1,1,2,0,1,1,0,0,1,0,0,1,1.0
210,4,9, 4,31,5,3,3,2,1,33,3,2,2,1,1,0,0,1,0,0,1,0,0,1,1.0
211,4,36, 2,38,5,5,2,4,1,45,3,1,1,2,1,0,0,1,0,0,1,0,1,0,1.0
212,1,27, 0,53,1,1,3,4,2,50,2,2,1,2,1,0,0,1,0,0,1,0,0,1,2.0
213,3,30, 3,19,1,5,3,4,1,66,3,1,1,2,1,0,0,1,0,0,1,0,0,0,2.0
214,4,36, 4,33,5,5,3,2,3,51,3,1,1,2,1,0,0,1,0,0,1,0,0,1,1.0
215,2,6, 4,9,5,4,2,3,2,39,3,2,1,1,1,0,0,1,0,0,1,0,1,0,1.0
216,1,18, 0,31,1,4,3,1,2,31,1,1,1,2,1,0,0,1,0,0,1,0,0,1,1.0
217,3,36, 2,39,1,3,3,2,1,23,3,1,1,2,1,0,0,1,0,0,1,0,0,1,1.0
218,1,24, 2,30,1,3,1,2,1,24,3,1,1,1,1,0,0,1,0,1,0,0,1,0,1.0
219,4,10, 2,14,1,3,2,4,3,64,3,1,1,2,1,1,0,1,0,0,1,0,0,1,1.0
220,2,12, 2,6,1,2,4,1,1,26,1,1,1,1,1,0,0,0,0,0,1,0,1,0,1.0
221,1,12, 2,12,5,3,2,4,2,23,1,1,1,2,1,0,0,1,0,1,0,0,0,1,1.0
222,4,12, 2,7,1,3,3,2,1,30,1,2,1,1,1,0,0,1,0,0,1,0,0,1,1.0
223,4,24, 3,30,5,3,3,4,1,32,3,2,2,2,1,0,0,1,0,0,1,0,0,1,1.0
224,4,15, 2,47,1,3,3,2,3,30,3,1,1,2,1,0,1,1,0,0,1,0,0,1,1.0
225,4,36, 0,26,1,3,3,2,3,27,3,2,1,1,1,0,0,1,0,0,1,0,0,1,1.0
226,2,48,2,110,4,4,3,2,4,27,1,2,1,2,1,0,0,0,1,0,1,0,0,1,2.0
227,1,12, 2,79,1,5,3,4,4,53,3,1,1,2,1,0,0,1,0,0,0,0,0,0,2.0
228,4,9, 2,15,1,4,3,2,3,22,3,1,1,1,1,0,0,1,0,0,1,0,0,1,2.0
229,1,24, 2,31,1,2,3,1,4,22,1,1,1,1,1,0,0,1,0,0,0,0,0,1,1.0
230,3,36, 2,42,1,3,3,2,3,26,3,1,1,1,1,0,0,1,0,0,1,0,0,1,2.0
231,4,9, 2,25,3,5,3,4,4,51,3,1,1,1,1,1,0,1,0,0,0,0,1,0,1.0
232,4,12, 2,21,2,4,3,1,4,35,3,1,1,1,1,0,0,1,0,0,1,0,0,1,1.0
233,2,18, 2,9,1,3,4,2,1,25,3,1,1,1,1,0,0,0,0,0,1,0,1,0,1.0
234,4,4, 4,15,1,4,3,1,1,42,3,3,2,1,1,0,0,1,0,0,1,0,1,0,1.0
235,1,24, 2,18,1,1,3,2,3,30,2,1,2,1,1,0,0,1,0,0,1,0,0,0,2.0
236,2,6,2,146,5,1,3,2,2,23,3,1,1,2,1,1,0,1,0,0,1,1,0,0,2.0
237,2,21, 2,28,2,5,1,2,3,61,1,2,1,1,1,0,0,1,0,1,0,0,1,0,2.0
238,4,12, 4,13,1,3,2,2,2,35,3,2,1,1,1,0,0,1,0,0,1,0,0,1,1.0
239,1,30, 2,25,1,5,3,3,2,39,3,1,2,1,1,0,0,0,0,0,1,0,0,1,1.0
240,1,24, 2,9,5,5,2,2,3,29,1,1,1,1,1,1,0,1,0,0,1,0,0,1,2.0
241,4,6, 2,16,1,4,3,2,2,51,3,1,2,1,1,0,0,1,0,0,1,0,0,1,1.0
242,1,48, 0,46,1,5,3,4,4,24,3,2,2,1,1,0,1,1,0,0,0,0,0,1,2.0
243,4,12, 4,12,1,3,2,2,1,27,3,2,1,1,1,0,0,1,0,0,1,0,0,1,1.0
244,4,12, 1,34,3,3,2,3,1,35,3,1,2,1,1,0,0,1,0,0,1,0,1,0,1.0
245,4,24, 2,13,1,4,3,1,1,25,3,1,1,2,1,0,0,1,0,0,1,0,0,1,1.0
246,4,12, 4,7,1,5,3,4,1,52,3,3,1,1,1,0,0,1,0,0,1,0,0,1,1.0
247,4,6, 0,12,2,3,3,1,4,35,1,1,1,1,2,1,0,1,0,1,0,0,0,1,1.0
248,3,24, 2,19,1,3,3,2,1,26,3,1,1,1,1,0,0,1,0,0,1,0,0,1,1.0
249,4,18, 2,4,1,1,2,4,1,22,3,1,1,1,1,0,0,0,1,1,0,0,0,1,2.0
250,1,6, 4,7,4,4,2,4,1,39,3,2,1,2,1,1,0,1,0,0,1,0,1,0,1.0
251,3,12, 2,23,1,3,2,2,3,46,3,1,1,1,1,0,0,1,0,0,1,0,1,0,1.0
252,2,30, 2,22,1,3,2,2,4,24,1,1,1,1,1,1,0,0,0,0,1,0,0,1,2.0
253,4,24, 3,42,2,3,3,3,2,35,3,2,1,1,1,0,0,1,0,0,1,0,0,1,1.0
254,2,9, 2,20,5,4,3,1,3,24,3,1,1,2,1,0,0,1,0,0,1,0,0,1,1.0
255,2,60, 3,74,5,3,3,1,1,27,3,1,1,1,1,0,0,1,0,0,1,0,1,0,1.0
256,4,24, 4,27,1,3,3,2,1,35,3,2,1,1,1,0,0,1,0,0,1,0,1,0,1.0
257,1,12, 1,21,1,3,1,1,4,29,3,1,1,1,1,0,0,1,0,0,0,0,0,1,2.0
258,4,15, 2,38,2,2,2,4,3,23,3,1,1,2,1,0,1,1,0,0,1,0,0,1,1.0
259,4,11, 4,12,2,1,2,4,1,57,3,3,1,1,1,0,0,1,0,0,1,0,1,0,1.0
260,1,12, 2,17,1,3,3,2,1,27,3,1,1,1,1,0,0,1,0,0,1,0,0,1,1.0
261,1,24, 2,16,1,5,2,4,3,55,3,1,1,1,1,0,0,1,0,0,1,0,0,1,1.0
262,1,18, 4,53,1,5,3,4,4,36,3,3,1,2,1,1,0,1,0,0,0,0,0,0,1.0
263,4,12, 4,27,1,5,2,4,4,57,1,3,1,1,1,0,0,1,0,0,0,0,1,0,1.0
264,4,10, 4,12,1,5,3,4,1,32,3,2,2,1,2,1,0,1,0,0,1,0,1,0,1.0
265,2,15, 2,8,1,5,3,3,3,37,3,1,2,1,1,0,0,1,0,0,1,0,0,1,2.0
266,4,36, 4,63,5,5,3,4,1,36,3,2,1,1,1,0,0,1,0,0,1,0,0,1,1.0
267,4,24, 2,15,1,2,2,3,3,38,2,1,1,2,1,0,0,1,0,0,1,0,0,1,1.0
268,1,14, 2,90,1,5,1,4,2,45,3,1,1,2,2,1,0,1,0,0,1,0,0,0,2.0
269,4,24, 2,10,5,5,3,2,3,25,3,2,1,1,1,0,0,1,0,0,1,0,0,1,1.0
270,4,18, 2,27,5,4,3,3,2,32,3,1,1,1,2,1,0,1,0,0,1,0,0,1,1.0
271,4,12, 4,14,3,4,2,4,3,37,3,1,1,2,1,0,0,1,0,1,0,0,0,1,1.0
272,2,48,1,122,5,1,3,4,4,36,3,1,1,2,1,1,0,0,1,0,0,0,0,0,1.0
273,2,48, 2,31,1,4,3,4,1,28,3,2,1,1,1,0,0,1,0,0,1,0,0,1,2.0
274,1,30,2,120,1,2,1,1,4,34,3,1,1,2,1,0,0,1,0,0,1,0,1,0,2.0
275,4,9, 2,27,1,3,3,2,1,32,3,1,2,1,1,0,0,1,0,0,1,0,0,1,1.0
276,4,18, 4,24,1,3,2,2,3,26,3,2,1,1,1,0,0,1,0,0,1,0,0,1,1.0
277,1,12, 2,13,5,5,1,4,2,49,3,1,1,2,1,0,0,1,0,0,1,0,1,0,1.0
278,4,6, 2,46,1,2,2,4,2,32,3,1,1,1,1,0,0,1,0,0,1,0,0,1,2.0
279,4,24, 2,19,2,3,3,4,3,29,3,1,1,2,1,0,0,1,0,1,0,0,0,0,1.0
280,4,15, 4,34,4,5,3,4,4,23,3,2,1,2,1,0,1,1,0,1,0,0,0,1,1.0
281,4,12, 2,16,1,3,3,2,1,50,3,1,1,1,1,0,0,1,0,0,1,0,0,1,1.0
282,3,18, 1,14,5,4,3,4,3,49,1,1,1,1,1,0,0,1,0,0,1,0,1,0,1.0
283,4,15, 4,15,5,5,3,4,2,63,3,1,1,1,1,0,0,1,0,0,1,0,0,1,1.0
284,2,24, 4,39,2,2,1,2,3,37,3,1,1,2,1,1,0,1,0,0,1,0,0,1,1.0
285,1,47,2,107,1,2,2,1,1,35,3,1,1,2,1,1,0,1,0,0,1,0,1,0,1.0
286,1,48, 2,48,1,4,3,3,2,26,3,1,2,1,1,0,1,1,0,0,1,0,0,1,1.0
287,2,48, 3,76,2,1,3,4,4,31,3,1,1,2,1,0,0,1,0,0,0,0,0,0,1.0
288,2,12, 2,11,1,3,2,4,1,49,3,2,1,2,1,0,0,0,0,0,1,0,0,1,1.0
289,1,24, 3,10,1,2,4,4,1,48,2,1,1,1,1,0,0,1,0,0,1,0,0,1,2.0
290,4,12, 2,11,1,3,4,2,1,26,3,1,1,2,2,0,0,1,0,0,1,0,0,1,1.0
291,2,36, 2,94,1,2,4,4,3,28,3,1,1,2,1,0,1,1,0,1,0,0,0,0,2.0
292,1,24, 4,64,1,5,2,4,4,44,3,2,2,2,1,0,1,1,0,0,0,0,0,0,1.0
293,3,42, 4,48,1,5,3,4,4,56,3,1,1,1,1,0,1,1,0,0,0,0,0,1,1.0
294,4,48, 4,76,5,5,1,2,3,46,1,2,2,1,1,0,0,1,0,0,1,0,0,0,1.0
295,2,48,2,100,1,2,2,2,3,26,3,1,1,2,1,0,0,1,0,0,1,0,0,1,2.0
296,4,12, 2,47,5,2,2,4,3,20,3,1,1,1,1,0,1,1,0,1,0,0,0,1,1.0
297,4,10, 2,13,5,5,3,2,2,45,3,1,1,1,2,1,0,0,1,0,1,0,1,0,1.0
298,4,18, 2,25,1,3,3,4,1,43,3,1,1,2,1,0,0,1,0,0,1,0,0,1,1.0
299,2,21, 4,27,4,4,3,2,3,32,3,2,1,2,1,0,0,1,0,0,1,0,0,1,1.0
300,4,6, 2,7,1,1,2,4,1,54,3,1,1,2,1,1,0,1,0,0,1,1,0,0,1.0
301,2,36, 0,38,1,3,2,1,3,42,3,1,1,2,1,0,0,1,0,0,1,0,0,1,2.0
302,3,24, 4,13,5,4,3,2,1,37,1,2,2,1,1,1,0,1,0,0,1,0,1,0,2.0
303,1,10, 4,10,1,4,3,3,2,49,3,2,1,2,1,1,0,0,1,0,1,0,0,1,1.0
304,4,48,4,101,3,3,3,2,4,44,1,1,1,1,1,1,0,1,0,0,0,0,0,1,2.0
305,4,6, 2,15,4,3,1,2,1,33,3,1,1,1,1,0,0,1,0,0,1,0,0,1,1.0
306,4,30, 2,48,5,4,2,4,2,24,2,1,1,1,1,0,1,1,0,1,0,0,1,0,1.0
307,1,12, 2,7,2,2,4,3,4,33,3,1,1,2,1,0,0,1,0,0,1,0,1,0,2.0
308,2,8, 2,12,1,3,2,4,1,24,3,1,1,1,1,0,0,1,0,0,1,0,0,1,2.0
309,2,9, 2,3,1,3,4,4,1,22,3,1,1,1,1,1,0,1,0,1,0,0,1,0,1.0
310,2,48, 2,54,5,1,3,4,4,40,1,1,1,2,1,0,0,1,0,0,0,1,0,0,1.0
311,4,24, 2,55,2,3,3,1,3,25,2,1,1,1,1,0,0,1,0,0,1,0,0,1,1.0
312,3,24, 2,37,1,2,2,4,3,26,3,1,1,1,1,0,0,1,0,0,1,0,0,1,1.0
313,2,12, 2,7,1,4,4,3,3,25,1,1,1,1,1,1,0,1,0,0,1,0,1,0,2.0
314,3,4, 2,15,5,2,3,2,1,29,3,1,2,1,2,1,0,1,0,0,1,0,1,0,1.0
315,1,36, 1,27,1,5,3,4,3,31,1,1,1,1,1,0,0,1,0,0,1,0,0,1,2.0
316,1,12, 2,7,1,3,3,3,2,38,3,1,2,1,1,0,0,0,0,0,1,0,1,0,1.0
317,2,24, 2,44,5,3,2,4,2,48,3,1,1,2,1,0,0,1,0,0,1,0,1,0,1.0
318,4,12, 4,7,1,3,3,2,3,32,3,2,1,1,1,0,0,1,0,0,1,0,0,1,1.0
319,1,15, 3,36,1,5,2,4,2,27,3,2,1,1,1,0,0,1,0,0,1,0,1,0,1.0
320,2,30, 4,42,1,1,4,2,3,28,3,2,1,1,1,1,0,1,0,0,1,0,0,0,2.0
321,1,24, 2,19,1,2,1,3,2,32,3,1,1,1,1,0,0,1,0,0,1,0,0,1,2.0
322,1,24, 2,29,1,4,3,1,4,34,3,1,1,2,1,0,1,1,0,0,0,0,0,0,1.0
323,1,18, 2,27,4,3,3,2,3,28,3,1,1,1,1,0,0,1,0,0,1,0,0,1,1.0
324,4,18, 4,10,1,3,2,3,1,36,3,2,1,1,1,1,0,1,0,0,1,0,0,1,1.0
325,1,8, 4,34,1,4,3,4,1,39,3,2,1,1,2,1,0,1,0,0,1,0,1,0,1.0
326,4,12, 4,58,5,5,3,4,2,49,3,1,1,2,1,0,0,1,0,1,0,0,0,1,1.0
327,4,24, 2,15,4,4,2,3,3,34,3,1,2,2,1,1,0,1,0,0,1,0,0,1,1.0
328,3,36, 2,45,1,5,3,2,3,31,3,1,1,1,1,0,0,1,0,0,1,0,0,1,1.0
329,2,6, 2,11,1,5,3,4,3,28,3,1,2,1,1,0,0,1,0,0,1,0,0,1,1.0
330,1,24, 4,66,1,1,3,4,4,75,3,2,1,2,1,0,1,1,0,0,0,0,0,0,1.0
331,4,18, 4,19,2,3,2,2,1,30,3,2,1,1,1,0,0,1,0,0,1,0,0,1,2.0
332,2,60, 2,74,2,2,2,2,2,24,3,1,1,1,1,1,0,1,0,0,1,0,0,0,2.0
333,4,48,4,116,2,3,2,4,3,24,1,2,1,1,1,0,1,1,0,1,0,0,1,0,2.0
334,1,24, 0,41,1,5,3,4,4,23,1,2,2,1,1,0,0,1,0,1,0,0,0,1,2.0
335,1,6, 4,34,1,3,1,4,1,44,3,1,1,2,1,0,0,1,0,1,0,0,0,0,2.0
336,2,13, 2,21,1,2,2,4,2,23,3,1,1,1,1,0,0,0,0,0,1,0,1,0,1.0
337,1,15, 2,13,5,3,2,2,3,24,3,1,1,1,1,0,0,1,0,1,0,0,0,1,2.0
338,1,24, 2,42,1,3,3,4,2,28,3,1,1,1,1,0,0,1,0,0,1,0,0,1,1.0
339,2,10, 2,15,1,3,1,2,3,31,3,1,1,1,1,0,0,1,0,0,1,0,1,0,1.0
340,2,24, 4,57,1,2,2,4,4,24,3,2,1,2,1,0,0,1,0,0,0,0,0,1,1.0
341,1,21, 2,36,1,4,2,4,3,26,3,1,1,1,1,0,0,1,0,1,0,0,1,0,1.0
342,2,18, 2,32,3,2,4,3,1,25,3,1,1,1,1,0,0,1,0,1,0,0,0,1,1.0
343,2,18, 2,44,1,5,3,1,1,33,1,1,1,2,1,0,0,0,1,0,1,0,0,0,1.0
344,3,10, 2,39,1,2,3,1,2,37,3,1,2,1,1,1,0,0,0,0,1,0,1,0,1.0
345,4,15, 4,15,1,3,2,2,3,43,3,1,1,1,1,0,0,1,0,0,1,0,1,0,1.0
346,2,13, 4,9,1,2,3,4,1,23,3,2,1,1,1,0,0,0,0,0,1,0,0,1,1.0
347,2,24, 2,38,3,1,2,4,4,23,3,1,1,1,1,0,0,1,0,1,0,1,0,0,1.0
348,4,6, 3,17,2,3,3,2,1,34,3,2,1,1,1,0,0,1,0,0,1,0,1,0,1.0
349,2,9, 4,11,4,5,3,3,4,32,3,2,2,1,1,0,0,1,0,0,0,0,0,1,2.0
350,4,9, 2,12,1,2,2,4,1,23,3,1,1,2,1,0,0,1,0,1,0,0,0,1,1.0
351,2,9, 2,10,1,3,2,2,3,29,3,1,1,1,2,0,0,1,0,0,1,0,0,1,2.0
352,4,18, 4,32,5,1,3,4,4,38,3,1,1,2,1,0,1,1,0,0,1,0,0,0,1.0
353,1,12, 0,62,1,3,3,2,2,28,3,2,1,2,1,0,0,1,0,1,0,0,0,1,2.0
354,4,10, 2,7,3,5,3,4,4,46,3,1,1,2,1,0,0,1,0,0,0,0,0,1,1.0
355,2,24, 2,12,1,2,3,2,1,23,2,1,1,1,1,1,0,1,0,0,1,0,1,0,2.0
356,4,12, 4,23,5,5,3,4,1,49,3,1,1,2,1,0,0,0,1,0,1,0,0,1,1.0
357,4,36, 3,45,1,3,3,2,3,26,3,2,1,2,1,0,0,1,0,0,1,0,0,0,2.0
358,4,12, 2,8,1,3,4,2,1,28,3,1,1,1,1,0,0,1,0,0,1,0,0,1,1.0
359,1,30, 2,24,1,4,2,4,1,23,3,1,1,1,1,0,0,1,0,1,0,0,0,1,2.0
360,2,18, 2,12,5,3,3,4,4,61,3,1,1,1,1,0,0,1,0,0,0,0,0,1,1.0
361,3,12, 2,34,5,5,3,3,3,37,3,1,1,1,1,0,0,1,0,0,1,0,0,0,1.0
362,3,12, 3,22,1,3,2,2,3,36,2,2,1,2,1,1,0,1,0,0,1,0,0,1,1.0
363,4,6, 2,18,1,3,4,2,2,21,3,1,1,1,1,0,0,1,0,1,0,0,0,1,1.0
364,1,18, 2,25,1,1,3,1,3,25,3,1,1,1,1,0,0,1,0,0,1,1,0,0,2.0
365,4,12, 2,15,1,4,3,4,3,36,3,1,1,2,1,0,0,1,0,0,1,0,0,1,1.0
366,4,18, 4,38,1,4,3,1,3,27,3,2,1,1,1,0,1,1,0,0,1,0,0,1,1.0
367,1,18, 2,36,1,2,2,4,3,22,3,1,1,1,1,0,0,1,0,1,0,0,0,1,1.0
368,1,36, 2,34,1,5,3,2,3,42,3,1,2,1,1,0,0,1,0,0,1,0,0,1,2.0
369,2,18, 2,30,1,4,2,4,1,40,3,1,1,1,1,0,0,1,0,1,0,0,0,1,1.0
370,4,36, 2,31,5,3,3,4,1,36,3,1,1,1,1,1,0,1,0,0,1,0,0,1,1.0
371,4,18, 4,61,1,5,3,4,3,33,3,2,1,2,1,0,0,1,0,0,1,0,0,1,1.0
372,4,10, 4,21,1,2,2,3,1,23,3,2,1,1,1,0,0,1,0,1,0,0,0,1,1.0
373,4,60,4,138,5,5,3,4,4,63,1,1,1,2,1,1,0,1,0,0,0,0,0,0,1.0
374,2,60,1,148,2,5,2,4,4,60,1,2,1,2,1,0,0,1,0,0,0,0,0,0,2.0
375,1,48, 1,77,1,4,2,4,3,37,3,1,1,1,1,0,0,0,0,1,0,0,0,1,2.0
376,4,18, 3,23,1,1,4,3,1,34,3,2,1,1,1,0,0,1,0,0,1,0,0,1,1.0
377,4,7, 3,8,5,5,3,4,4,36,3,1,1,1,1,0,0,1,0,0,0,0,0,1,1.0
378,2,36,2,143,1,5,3,2,4,57,3,1,1,2,1,1,0,1,0,0,0,0,0,0,2.0
379,4,6, 4,4,2,3,2,4,3,52,3,2,1,1,1,1,0,1,0,0,1,0,1,0,1.0
380,1,20, 2,22,5,4,3,4,3,39,3,1,1,2,1,0,0,1,0,0,1,0,0,1,1.0
381,2,18,2,130,1,1,2,4,4,38,3,1,1,2,1,0,1,1,0,0,0,0,0,0,2.0
382,4,22, 2,13,5,4,2,4,2,25,3,1,1,1,1,1,0,1,0,1,0,0,0,1,1.0
383,3,12, 2,13,1,2,3,1,1,26,3,1,1,1,1,1,0,1,0,0,1,0,0,1,1.0
384,4,30, 3,43,2,3,3,2,2,26,3,2,1,1,1,0,0,1,0,0,1,0,1,0,1.0
385,4,18, 4,22,1,3,2,1,3,25,3,2,1,1,1,0,0,1,0,0,1,0,0,1,1.0
386,4,18, 2,11,5,2,2,2,1,21,3,1,1,2,1,0,0,1,0,1,0,0,0,1,1.0
387,2,18, 4,74,1,1,3,4,2,40,2,2,1,2,1,0,0,1,0,0,1,0,0,0,1.0
388,2,15, 4,23,3,3,3,4,3,27,1,1,1,1,1,0,0,1,0,0,1,0,0,1,1.0
389,4,9, 2,14,1,4,2,2,3,27,3,2,1,1,1,0,0,1,0,0,1,0,0,1,1.0
390,4,18, 2,18,1,3,4,2,2,30,3,1,1,2,1,1,0,1,0,0,1,0,0,0,1.0
391,2,12, 2,10,4,2,2,4,1,19,3,1,1,1,1,0,0,1,0,1,0,0,1,0,1.0
392,1,36, 2,32,1,4,3,4,4,39,1,1,2,2,1,1,0,1,0,0,0,0,0,0,1.0
393,1,6, 4,20,1,4,2,4,3,31,3,1,1,1,1,0,0,1,0,0,1,0,0,1,1.0
394,4,9, 4,24,1,1,3,3,3,31,3,1,1,1,1,0,0,1,0,0,1,0,0,0,1.0
395,2,39,3,118,2,4,3,3,4,32,3,1,1,2,1,0,0,1,0,1,0,0,0,1,1.0
396,1,12, 2,26,1,1,2,4,4,55,3,1,1,1,1,0,0,1,0,0,0,0,0,0,1.0
397,1,36, 4,23,1,3,4,2,2,46,3,2,1,2,1,0,0,1,0,0,1,0,0,1,1.0
398,2,12, 2,12,1,5,1,1,1,46,3,2,1,1,1,1,0,1,0,1,0,0,0,1,2.0
399,4,24, 4,15,4,3,2,1,1,43,3,2,1,1,1,0,0,1,0,0,1,0,1,0,1.0
400,4,18, 2,15,1,2,4,4,1,39,3,1,1,2,1,0,0,1,0,0,1,0,0,1,1.0
401,2,18, 4,19,5,3,4,4,1,28,1,2,1,1,1,0,0,1,0,0,1,0,0,1,1.0
402,4,24, 3,86,1,2,3,2,3,27,1,2,1,2,1,0,0,1,0,0,1,0,0,1,2.0
403,4,14, 3,8,1,3,3,2,3,27,3,2,1,1,1,1,0,1,0,0,1,0,1,0,1.0
404,2,18, 3,29,5,5,3,4,3,43,3,1,2,1,1,1,0,1,0,0,1,0,0,1,1.0
405,2,24, 2,20,1,2,4,1,2,22,3,1,1,2,1,0,0,1,0,0,1,0,0,1,2.0
406,4,24, 4,22,5,4,3,4,3,43,3,2,2,2,1,0,1,1,0,0,1,0,0,1,1.0
407,1,15, 2,11,1,2,4,2,1,27,3,1,1,1,2,0,0,1,0,0,1,0,0,1,1.0
408,4,24, 2,32,3,5,1,2,3,26,3,1,1,2,1,0,0,1,0,0,1,0,0,0,1.0
409,3,12, 4,9,3,4,4,2,1,28,3,3,1,2,1,1,0,1,0,0,1,0,0,1,2.0
410,2,24, 2,20,1,5,2,4,3,20,3,1,1,2,1,0,0,1,0,0,1,0,0,1,1.0
411,4,33, 4,73,1,4,3,2,3,35,3,2,1,2,1,0,1,1,0,0,1,0,0,0,1.0
412,4,12, 4,23,1,1,3,2,3,42,2,2,1,2,1,0,0,1,0,0,1,0,0,0,2.0
413,4,10, 2,16,3,3,3,2,4,40,3,1,2,1,2,1,0,1,0,1,0,0,1,0,1.0
414,1,24, 2,14,5,3,2,2,2,35,3,1,1,1,1,1,0,1,0,0,1,0,0,1,2.0
415,4,36, 4,58,1,5,3,2,2,35,3,2,2,2,1,0,1,1,0,0,1,0,0,1,1.0
416,1,12, 2,26,1,2,3,1,1,33,3,1,2,1,1,1,0,1,0,0,1,0,1,0,2.0
417,1,18, 3,85,5,3,2,2,3,23,3,2,1,2,1,0,0,1,0,1,0,0,0,1,1.0
418,4,21, 2,28,3,4,2,2,3,31,1,1,1,1,1,1,0,1,0,0,1,0,0,0,1.0
419,2,18, 2,10,5,3,2,2,2,33,3,1,1,1,1,1,0,1,0,0,1,0,0,1,2.0
420,4,15, 2,32,4,4,2,3,3,20,3,1,1,1,1,1,0,1,0,1,0,0,0,1,1.0
421,2,12, 2,20,5,3,3,2,3,30,3,1,1,1,1,0,1,1,0,0,1,0,0,1,1.0
422,2,12, 4,10,1,4,3,3,1,47,3,2,2,1,1,1,0,1,0,0,1,0,1,0,1.0
423,4,21, 3,16,2,4,3,3,1,34,3,2,1,1,1,0,0,1,0,0,1,0,0,0,1.0
424,2,12, 2,28,5,5,2,2,2,25,1,1,1,2,1,0,0,1,0,0,1,0,0,1,2.0
425,2,18, 2,28,1,3,4,3,3,21,3,1,1,2,1,0,1,1,0,1,0,0,0,1,1.0
426,4,28, 4,27,1,5,3,2,3,29,3,2,1,1,1,0,0,1,0,0,1,0,0,1,1.0
427,4,18, 4,11,4,3,3,3,1,46,3,2,1,1,1,0,0,1,0,0,1,0,0,1,1.0
428,4,9, 2,13,1,5,3,4,3,20,3,1,1,1,1,0,0,1,0,0,1,0,0,1,1.0
429,1,18, 4,12,1,1,2,4,4,55,3,3,2,1,1,0,0,1,0,0,0,1,0,0,2.0
430,4,5, 2,34,1,4,3,4,1,74,3,1,1,1,1,0,0,1,0,0,1,0,1,0,1.0
431,2,24,2,113,1,3,3,3,3,29,1,2,1,2,1,0,0,0,1,0,1,0,0,0,2.0
432,1,6, 4,19,1,1,3,4,4,36,3,3,1,2,1,0,0,1,0,0,0,0,0,0,1.0
433,4,24, 4,21,1,3,1,2,1,33,3,2,1,2,1,0,0,1,0,0,1,0,0,1,1.0
434,1,9, 2,21,1,3,3,2,1,25,3,1,1,1,1,0,0,1,0,0,1,0,0,1,1.0
435,2,12, 2,15,5,3,4,1,1,25,3,1,1,2,1,0,0,1,0,0,1,0,0,1,2.0
436,4,6, 2,7,3,4,4,4,1,23,3,1,1,1,1,0,0,1,0,1,0,0,1,0,1.0
437,4,24, 4,13,4,5,2,4,1,37,3,2,1,2,1,1,0,1,0,0,1,0,0,1,1.0
438,1,42, 4,34,1,1,3,4,3,65,3,2,1,1,1,0,0,0,1,0,1,1,0,0,1.0
439,3,12, 1,6,1,2,2,1,1,26,3,1,1,1,1,0,0,1,0,0,1,1,0,0,2.0
440,4,12, 2,19,1,5,3,4,3,39,3,1,1,2,1,1,0,1,0,0,1,0,0,0,1.0
441,1,12, 2,16,1,3,2,3,2,30,3,1,1,1,1,0,0,0,1,0,1,0,0,1,1.0
442,2,20, 3,26,1,3,3,3,3,29,1,2,1,2,1,0,0,1,0,0,1,0,0,1,1.0
443,4,12, 2,7,1,5,3,4,3,41,1,1,2,1,1,0,0,1,0,0,1,0,1,0,2.0
444,2,48, 4,51,1,3,2,3,3,30,3,1,1,2,1,0,0,1,0,0,1,0,0,0,2.0
445,4,9, 4,12,5,5,2,4,2,41,3,2,1,1,1,0,0,1,0,1,0,0,1,0,1.0
446,1,36, 2,18,1,2,2,4,3,34,3,1,1,2,1,1,0,1,0,0,1,0,0,1,2.0
447,2,7, 2,26,1,3,3,2,1,35,3,1,1,1,1,0,0,0,0,0,1,0,0,1,1.0
448,3,12, 2,14,5,5,2,4,1,55,3,1,1,2,1,0,0,1,0,0,1,0,0,0,1.0
449,2,15, 3,15,4,3,4,3,2,61,2,2,1,1,1,0,0,1,0,0,1,0,0,1,2.0
450,4,36,4,111,5,3,3,2,3,30,3,1,1,2,1,0,1,1,0,0,1,0,0,0,1.0
451,4,6, 2,5,1,3,2,1,1,29,3,1,1,1,1,0,0,1,0,0,1,0,0,1,1.0
452,4,12, 0,28,1,5,3,4,2,34,3,2,1,1,1,0,0,1,0,0,1,0,0,1,1.0
453,4,24, 2,27,1,5,3,4,3,35,3,1,1,2,1,0,1,1,0,0,1,0,0,0,1.0
454,1,24, 2,48,1,4,3,3,2,31,3,1,1,2,1,1,0,0,1,0,1,0,0,1,2.0
455,4,24, 2,27,1,2,2,1,4,29,3,1,1,2,1,0,1,1,0,0,1,0,0,0,1.0
456,1,11, 4,39,1,3,3,2,1,36,3,2,2,1,1,1,0,1,0,1,0,0,0,1,1.0
457,1,12, 2,34,1,5,3,4,4,35,3,1,1,2,1,0,1,1,0,0,0,0,0,1,2.0
458,1,6, 2,3,1,2,2,1,1,27,3,1,1,1,1,0,0,1,0,0,1,0,0,1,1.0
459,4,18, 2,46,1,2,3,2,3,32,3,1,1,2,1,0,0,1,0,0,1,0,0,1,1.0
460,1,36, 2,36,1,3,3,2,2,37,3,1,2,1,1,0,0,0,0,0,1,0,0,1,1.0
461,1,15, 2,17,1,2,3,3,1,36,3,1,1,1,1,1,0,1,0,0,1,0,0,1,1.0
462,2,12, 2,30,1,2,2,1,1,34,3,1,1,1,1,0,0,1,0,1,0,0,0,0,1.0
463,2,12, 2,8,5,5,3,4,2,38,3,2,1,1,1,0,0,1,0,0,1,0,0,1,1.0
464,4,18, 2,20,1,4,3,1,3,34,2,2,1,2,1,0,0,1,0,0,1,0,0,1,1.0
465,1,24, 2,29,1,3,3,4,4,63,1,1,2,2,1,0,1,0,0,0,1,0,0,1,1.0
466,1,24, 3,17,1,2,2,2,3,29,3,1,1,2,1,0,0,1,0,1,0,0,1,0,2.0
467,4,48, 3,72,5,5,3,3,3,32,1,2,2,1,1,0,0,1,0,0,1,0,0,1,1.0
468,4,33, 3,28,1,3,2,2,3,26,3,2,1,2,1,0,0,1,0,0,1,0,0,1,1.0
469,4,24, 3,47,1,4,3,3,3,35,3,2,1,2,1,0,1,1,0,0,1,0,1,0,1.0
470,2,24, 2,31,2,2,4,2,3,22,3,1,1,2,1,0,0,1,0,1,0,0,0,1,2.0
471,1,6, 2,4,1,2,2,4,2,23,3,1,1,1,1,0,0,1,0,0,1,0,0,1,2.0
472,1,9, 2,7,1,3,3,3,3,28,3,1,1,1,1,1,0,1,0,0,1,0,1,0,2.0
473,4,6, 2,12,5,1,3,4,2,36,3,1,2,2,1,0,0,1,0,0,1,0,0,0,1.0
474,2,18, 4,12,1,3,4,2,3,33,3,1,1,1,1,0,0,1,0,0,1,0,0,1,2.0
475,1,18, 0,31,1,2,2,4,2,26,3,1,1,1,1,0,0,1,0,1,0,0,0,1,2.0
476,4,39, 2,26,3,3,3,4,3,24,3,1,1,1,1,0,1,1,0,0,1,0,0,1,1.0
477,3,24, 2,52,1,4,3,2,3,25,1,1,1,1,1,0,0,1,0,0,1,0,0,1,1.0
478,2,12, 2,10,2,4,3,4,1,39,3,1,1,1,1,0,0,1,0,0,1,0,1,0,1.0
479,1,15, 4,15,1,5,3,4,3,44,3,2,2,2,1,0,0,1,0,0,1,0,0,1,1.0
480,2,12, 4,36,1,3,2,1,1,23,3,1,1,1,1,0,0,1,0,0,1,0,1,0,1.0
481,2,24, 2,12,1,2,3,1,2,26,3,1,1,1,1,1,0,1,0,0,1,0,0,1,1.0
482,1,30, 2,36,4,5,2,4,2,57,3,2,1,2,1,0,0,1,0,1,0,0,0,1,1.0
483,4,15, 3,10,4,4,2,2,2,30,3,2,1,1,1,0,0,1,0,0,1,0,0,1,1.0
484,4,12, 4,12,3,3,3,4,1,44,3,1,1,2,1,1,0,1,0,0,1,0,0,1,1.0
485,2,6, 3,12,1,1,3,4,2,47,3,1,1,2,1,1,0,1,0,0,1,0,0,0,2.0
486,4,12, 2,31,1,3,3,4,3,52,3,1,1,2,1,0,0,1,0,0,1,0,0,1,1.0
487,4,24, 2,38,1,5,2,4,4,62,3,1,1,2,1,1,0,0,1,0,0,0,0,1,1.0
488,4,10, 2,14,2,3,3,2,1,35,3,1,1,1,2,1,0,1,0,1,0,0,1,0,1.0
489,4,6, 2,35,1,3,3,3,2,26,3,1,1,1,1,1,0,0,0,1,0,0,0,1,1.0
490,4,12, 4,19,1,5,3,2,4,26,3,2,1,1,1,0,0,1,0,0,1,0,0,1,1.0
491,2,27, 0,83,1,5,2,4,4,42,3,2,1,2,1,0,0,1,0,0,0,0,0,0,2.0
492,4,6, 4,12,2,3,2,1,2,27,3,2,1,1,1,0,0,1,0,0,1,0,0,1,1.0
493,2,6, 2,4,5,5,3,4,2,38,3,1,1,1,1,0,0,1,0,0,1,0,0,1,1.0
494,1,12, 4,21,1,3,3,2,1,39,3,2,2,1,2,1,0,1,0,1,0,0,1,0,1.0
495,1,24, 2,30,5,3,4,4,3,20,3,1,1,1,1,0,0,1,0,0,1,0,0,1,2.0
496,2,36, 2,90,2,2,3,1,4,29,3,1,1,2,1,0,0,0,1,1,0,0,0,0,2.0
497,4,24, 4,16,1,4,3,3,2,40,3,2,1,1,1,0,0,1,0,0,1,0,0,1,1.0
498,2,18, 2,13,1,5,4,2,1,32,3,1,1,1,1,0,0,0,0,0,1,0,1,0,1.0
499,3,6, 4,13,2,5,1,4,3,28,3,2,2,2,1,1,0,1,0,0,1,0,0,1,1.0
500,1,24, 2,31,1,2,2,1,2,27,3,1,1,1,1,1,0,1,0,0,1,0,0,1,2.0
501,1,36, 2,55,1,5,3,4,4,42,3,1,2,1,1,0,1,1,0,0,0,0,0,1,1.0
502,3,9, 2,11,2,5,1,4,1,49,3,1,1,1,1,0,0,1,0,0,1,0,0,1,1.0
503,2,24, 4,12,2,2,3,4,4,38,1,2,2,1,1,0,0,1,0,0,1,0,0,1,2.0
504,1,24, 2,12,1,2,2,4,2,24,3,1,1,1,1,1,0,1,0,1,0,0,0,1,2.0
505,4,10, 2,13,5,3,3,4,2,27,3,1,1,1,1,1,0,0,0,0,1,0,1,0,2.0
506,3,15, 4,24,3,3,3,2,3,36,3,1,1,2,1,0,1,1,0,0,1,0,0,1,1.0
507,2,15, 1,68,2,1,3,2,2,34,3,1,2,2,1,1,0,1,0,0,1,0,0,0,2.0
508,4,24, 2,14,1,3,4,2,2,28,3,1,1,1,1,0,0,1,0,0,1,0,0,1,1.0
509,4,39, 2,86,2,5,3,2,3,45,3,1,1,2,1,0,1,1,0,0,1,0,0,0,1.0
510,1,12, 2,8,1,4,3,2,1,26,3,1,1,1,1,1,0,1,0,0,1,0,0,1,2.0
511,4,36, 2,47,1,3,3,2,4,32,3,1,1,2,1,0,1,1,0,0,0,0,0,0,1.0
512,3,15, 2,27,1,4,3,4,2,26,3,1,1,2,1,0,0,1,0,1,0,0,0,1,1.0
513,2,12, 3,6,1,3,4,4,1,20,3,2,1,1,1,0,0,0,1,1,0,0,0,1,1.0
514,4,24, 2,23,5,2,3,1,2,54,3,1,1,1,1,1,0,1,0,0,1,0,0,1,1.0
515,1,6, 4,6,1,4,2,3,2,37,3,2,1,1,2,1,0,1,0,0,1,0,0,1,1.0
516,1,6, 4,14,1,2,3,4,1,40,3,1,2,1,2,1,0,1,0,0,1,0,1,0,1.0
517,4,36, 4,71,1,2,2,4,2,23,3,2,1,2,1,0,0,1,0,1,0,0,0,1,2.0
518,1,6, 2,12,2,5,3,2,2,43,3,1,1,2,1,1,0,1,0,0,1,0,0,1,1.0
519,4,6, 4,7,5,5,3,4,4,36,3,2,1,1,1,0,0,1,0,0,0,0,0,1,1.0
520,4,24, 4,55,1,5,3,4,4,44,3,2,1,1,1,0,0,1,0,0,0,0,0,1,1.0
521,1,18, 2,32,1,3,2,2,1,24,3,1,1,1,1,0,0,1,0,0,1,0,0,1,2.0
522,1,48, 0,71,1,3,3,4,4,53,3,2,2,1,1,0,0,1,0,0,0,0,0,1,2.0
523,4,24, 2,35,2,4,2,4,3,23,3,1,1,1,1,0,1,1,0,0,1,0,0,1,1.0
524,2,18, 2,11,1,3,2,4,1,26,3,1,2,1,1,0,0,0,0,0,1,0,1,0,1.0
525,2,26, 2,80,1,2,3,3,3,30,3,2,1,1,1,0,1,1,0,0,1,0,0,1,1.0
526,4,15, 4,15,2,3,2,3,3,31,3,1,1,1,1,0,0,1,0,0,1,0,0,1,1.0
527,4,4, 4,15,1,4,3,1,1,42,3,2,2,1,1,0,0,1,0,0,1,0,1,0,1.0
528,1,36, 2,23,1,3,1,4,3,31,3,1,1,1,1,0,0,1,0,1,0,0,0,1,2.0
529,1,6, 2,7,1,2,3,4,1,41,3,1,2,2,1,1,0,1,0,0,1,0,1,0,1.0
530,2,36, 2,23,1,4,3,1,3,32,3,2,2,1,1,0,0,1,0,0,1,0,0,1,1.0
531,2,15, 2,26,2,3,2,4,3,28,3,2,1,2,1,1,0,1,0,1,0,0,0,1,2.0
532,4,12, 3,15,1,3,4,4,1,41,3,1,1,1,1,0,1,1,0,1,0,0,0,1,1.0
533,4,24, 2,13,2,4,4,3,2,26,3,1,1,2,1,0,0,1,0,0,1,0,0,1,1.0
534,4,24, 2,31,5,2,3,2,3,25,3,2,1,1,1,0,0,1,0,0,1,0,0,1,1.0
535,3,21, 4,23,1,2,1,1,3,33,3,1,1,1,1,0,0,1,0,1,0,0,0,1,2.0
536,1,6, 2,14,5,1,2,3,2,75,3,1,1,2,1,1,0,1,0,0,1,0,0,0,1.0
537,2,18, 4,36,1,5,2,4,2,37,3,1,1,2,1,0,0,1,0,0,1,0,0,1,1.0
538,1,48, 2,78,1,5,3,4,4,42,1,1,1,1,1,1,0,1,0,0,0,0,0,0,2.0
539,3,18, 2,30,1,2,2,1,2,45,2,1,1,1,1,0,0,1,0,0,1,0,1,0,1.0
540,2,12, 2,15,1,2,4,1,1,23,3,1,1,1,1,0,0,1,0,1,0,0,0,1,2.0
541,4,24, 3,20,1,5,3,4,4,60,3,2,1,2,1,1,0,1,0,0,0,0,0,1,1.0
542,1,30, 2,64,5,5,3,4,2,31,3,1,1,1,1,0,0,1,0,0,1,0,0,1,2.0
543,3,18, 2,29,1,3,3,1,1,34,3,1,2,1,1,0,0,1,0,0,1,0,1,0,2.0
544,4,12, 4,13,1,5,3,4,1,61,3,2,1,1,1,1,0,1,0,0,1,0,1,0,1.0
545,1,24, 3,13,1,1,3,2,1,43,3,2,2,1,1,1,0,1,0,0,0,0,0,1,2.0
546,4,24, 4,20,1,3,2,4,3,37,3,1,1,2,1,1,0,1,0,0,1,0,0,1,1.0
547,4,24, 2,16,1,4,3,1,3,32,1,1,2,1,1,0,0,1,0,0,1,0,0,1,1.0
548,1,12, 1,6,1,3,2,4,1,24,1,1,1,1,1,0,0,1,0,0,1,0,1,0,2.0
549,4,48, 4,89,5,4,3,1,4,35,3,2,1,2,1,0,1,1,0,0,0,0,0,1,1.0
550,4,12, 4,10,5,4,2,4,1,23,3,2,1,1,1,0,0,1,0,0,1,0,0,1,1.0
551,4,6, 1,18,3,5,3,4,2,45,1,1,2,1,1,0,0,1,0,0,1,0,1,0,1.0
552,1,48, 2,70,1,4,4,1,1,34,3,2,1,2,1,0,0,0,0,0,1,0,0,1,2.0
553,2,12, 4,20,2,2,3,1,3,27,3,1,1,1,1,1,0,1,0,0,1,0,0,1,1.0
554,2,9, 2,12,1,4,2,4,2,67,3,2,1,2,1,0,0,1,0,0,1,0,0,0,1.0
555,2,12, 2,13,1,2,3,1,3,22,2,1,1,1,1,0,0,1,0,0,1,0,0,1,2.0
556,2,18, 0,23,2,2,2,3,3,28,3,2,1,1,1,1,0,1,0,0,1,0,0,1,2.0
557,4,21, 0,50,5,3,2,4,2,29,1,2,1,2,1,1,0,1,0,0,1,0,0,1,2.0
558,1,24, 1,36,1,4,3,4,3,27,1,1,1,1,1,0,0,1,0,0,1,0,0,1,2.0
559,2,18, 4,19,1,2,3,2,1,31,3,2,1,1,1,0,0,1,0,0,1,0,1,0,2.0
560,1,24, 2,30,5,5,3,4,4,49,1,1,2,2,1,0,1,1,0,0,0,0,0,1,1.0
561,1,24, 1,15,1,4,3,4,3,24,1,1,1,1,1,0,0,0,0,1,0,0,1,0,2.0
562,3,6, 3,7,1,2,2,1,2,29,1,1,1,1,1,0,0,1,0,0,1,0,0,1,1.0
563,2,36,2,124,5,3,3,4,4,37,3,1,1,2,1,1,0,1,0,0,0,0,0,1,2.0
564,2,24, 3,47,5,3,3,2,2,37,1,2,1,2,1,0,0,1,0,0,1,0,0,0,1.0
565,2,24, 3,16,2,4,2,2,2,23,3,2,1,2,1,0,0,1,0,1,0,0,0,1,1.0
566,1,12, 2,14,1,4,1,3,3,36,3,1,1,1,1,1,0,1,0,0,1,0,0,1,2.0
567,4,24, 4,26,4,5,3,2,3,34,3,1,1,1,1,0,0,1,0,0,1,0,0,1,1.0
568,2,48, 2,40,5,4,3,1,3,41,3,2,2,2,1,0,0,1,0,0,1,0,0,1,1.0
569,1,48, 2,68,1,3,2,2,3,31,3,1,1,2,1,0,0,1,0,0,1,0,0,1,2.0
570,1,24, 2,32,1,2,2,4,1,23,3,1,1,2,1,0,0,1,0,1,0,0,1,0,2.0
571,4,30, 4,60,1,4,3,2,3,38,3,1,1,1,1,0,0,0,1,0,1,0,0,1,1.0
572,4,24, 2,54,5,1,2,4,2,26,3,1,1,2,1,0,1,1,0,1,0,0,0,0,1.0
573,1,15, 2,8,1,3,2,4,2,22,3,1,1,1,1,0,0,1,0,0,1,0,1,0,1.0
574,2,9, 2,11,1,5,3,4,3,27,3,2,1,1,1,0,0,1,0,0,1,0,1,0,1.0
575,4,15, 4,28,1,4,2,3,3,24,1,2,1,1,1,0,0,0,1,0,1,0,0,1,1.0
576,2,12, 2,29,1,4,2,1,1,27,3,1,1,1,1,0,0,1,0,0,1,0,0,1,1.0
577,4,24, 4,19,5,3,2,2,3,33,3,2,1,2,1,0,0,1,0,0,1,0,0,1,1.0
578,2,36, 4,28,1,2,1,4,3,27,3,2,1,1,1,1,0,1,0,0,1,0,0,1,2.0
579,4,24, 2,9,1,2,4,3,3,27,3,2,1,1,1,0,0,1,0,0,1,0,1,0,1.0
580,2,18, 4,11,1,5,3,3,1,30,1,2,1,1,1,1,0,0,0,0,1,0,0,1,2.0
581,2,12, 4,31,1,2,3,3,1,49,1,2,2,1,1,1,0,1,0,0,1,0,1,0,1.0
582,4,9, 2,14,1,3,2,2,1,26,3,1,1,1,1,0,0,1,0,1,0,0,0,1,1.0
583,2,36, 2,24,1,2,3,1,4,33,3,1,1,1,1,0,0,1,0,1,0,0,1,0,2.0
584,4,12, 2,21,5,5,2,4,4,52,3,1,1,2,1,1,0,1,0,0,0,0,0,0,1.0
585,1,18, 2,20,1,3,2,4,1,20,1,1,1,1,1,0,0,1,0,1,0,0,0,1,2.0
586,1,9, 4,28,1,3,3,2,1,36,3,2,2,1,1,1,0,1,0,1,0,0,0,1,1.0
587,1,12, 2,13,1,3,3,1,2,21,3,1,1,1,1,0,0,0,0,0,1,0,1,0,1.0
588,1,18, 2,12,1,3,4,3,1,47,3,1,1,2,1,0,0,1,0,0,1,0,1,0,2.0
589,1,12, 4,22,1,5,3,3,2,60,3,2,1,1,1,0,0,1,0,0,1,0,0,1,2.0
590,1,12, 4,4,1,4,2,3,1,58,3,4,1,2,1,0,0,1,0,0,1,0,1,0,1.0
591,2,24, 3,20,5,3,2,4,3,42,3,2,1,2,1,1,0,1,0,1,0,0,0,1,1.0
592,4,21, 2,16,4,5,2,4,1,36,1,1,1,1,1,0,0,1,0,0,1,0,1,0,1.0
593,2,24, 2,27,1,3,2,4,2,20,3,1,1,2,1,1,0,1,0,1,0,0,1,0,2.0
594,1,24, 1,14,5,5,3,3,3,40,2,1,1,2,1,0,0,1,0,0,1,0,0,0,2.0
595,2,6, 1,9,2,2,2,1,2,32,2,1,1,1,1,1,0,1,0,0,1,0,1,0,2.0
596,1,24, 2,14,1,4,2,4,3,23,3,2,1,1,1,1,0,1,0,1,0,0,0,1,2.0
597,2,24, 0,42,1,3,3,4,1,36,3,3,1,2,1,0,0,1,0,0,1,0,1,0,2.0
598,4,18, 4,28,1,4,3,2,2,31,1,2,1,1,1,1,0,1,0,0,1,0,0,1,2.0
599,4,24, 3,39,1,3,3,2,4,32,3,1,1,1,1,0,0,1,0,0,0,0,0,1,1.0
600,2,7, 2,23,1,2,2,1,1,45,3,1,1,1,1,0,0,0,0,0,1,0,0,1,1.0
601,2,9, 2,9,1,3,2,1,2,30,3,1,1,1,1,0,0,1,0,0,1,0,0,1,2.0
602,2,24, 1,18,1,4,2,4,4,34,1,1,1,1,1,0,0,1,0,0,0,0,1,0,2.0
603,4,36, 2,33,1,3,2,2,3,28,3,1,1,2,1,0,0,1,0,0,1,0,0,0,2.0
604,3,10, 2,13,1,2,2,2,2,23,3,1,1,1,1,0,0,1,0,0,1,0,0,1,1.0
605,1,24, 1,28,3,3,3,4,1,22,2,1,1,2,1,0,0,1,0,0,1,0,0,1,1.0
606,4,24, 4,45,1,3,3,2,1,74,3,1,1,2,1,0,0,1,0,0,1,0,0,0,1.0
607,2,36, 2,27,2,3,2,4,4,50,3,1,1,1,1,0,0,0,1,0,0,0,0,1,2.0
608,4,18, 2,21,1,2,3,1,1,33,3,1,1,1,1,0,0,1,0,0,1,0,0,1,1.0
609,4,15, 2,13,5,5,3,4,4,45,1,1,2,1,1,0,1,1,0,0,0,0,0,1,1.0
610,1,12, 2,7,2,1,2,3,2,22,3,1,1,1,1,0,0,1,0,0,1,0,0,1,2.0
611,3,10, 2,12,2,5,2,4,4,48,3,1,2,1,1,1,0,1,0,0,0,0,1,0,2.0
612,1,21, 2,34,4,2,2,2,3,29,1,1,1,1,1,0,0,1,0,0,1,0,0,1,1.0
613,1,24, 1,36,1,3,2,4,3,22,1,1,1,1,2,0,1,0,0,1,0,0,0,1,1.0
614,4,18, 3,18,1,4,2,1,1,22,3,1,1,1,1,0,0,1,0,0,1,0,0,1,2.0
615,2,48,0,122,5,3,3,2,3,48,1,1,1,2,1,0,0,1,0,0,1,0,0,0,1.0
616,2,60, 3,92,5,3,3,2,4,27,3,1,1,1,1,0,0,1,0,0,0,0,0,0,1.0
617,1,6, 4,37,1,3,3,3,1,37,3,3,2,1,1,1,0,1,0,1,0,0,0,1,1.0
618,2,30, 2,34,2,3,2,4,3,21,3,1,1,1,1,0,0,0,1,1,0,0,0,1,2.0
619,4,12, 2,6,1,3,1,2,1,49,3,1,1,1,1,1,0,1,0,0,1,0,1,0,1.0
620,2,21, 4,37,1,4,3,3,2,27,3,2,1,1,1,0,0,1,0,0,1,0,0,1,1.0
621,4,18, 4,15,1,3,3,2,2,32,1,2,1,1,1,1,0,1,0,0,1,0,0,1,2.0
622,4,48, 2,39,5,3,1,2,1,38,1,1,1,1,1,0,0,1,0,0,1,0,0,1,2.0
623,1,12, 2,19,1,2,2,1,3,22,3,1,1,1,1,0,0,1,0,1,0,0,0,1,1.0
624,1,18, 2,26,1,3,3,4,4,65,3,2,1,1,1,0,0,1,0,0,0,0,0,1,2.0
625,4,15, 2,20,5,5,3,2,3,35,3,1,1,1,1,0,0,1,0,0,1,0,0,1,1.0
626,3,6, 2,21,1,3,3,2,1,41,3,1,1,2,1,0,0,1,0,0,1,0,0,1,1.0
627,2,9, 1,14,2,4,3,3,4,29,3,1,1,1,1,1,0,1,0,0,1,0,0,1,2.0
628,4,42, 4,40,3,3,3,4,1,36,3,2,1,2,1,0,0,1,0,0,1,0,0,1,1.0
629,4,9, 2,38,5,5,3,4,1,64,3,1,1,1,1,0,0,1,0,0,1,0,1,0,1.0
630,1,24, 2,37,1,3,2,4,3,28,3,1,1,1,1,0,0,1,0,0,1,0,0,1,1.0
631,1,18, 1,16,1,3,3,3,3,44,1,1,1,1,1,0,0,1,0,0,1,0,0,1,2.0
632,2,15, 2,14,5,2,3,1,2,23,3,1,1,1,1,0,0,1,0,0,1,0,0,1,1.0
633,4,9, 2,20,1,2,2,2,3,19,3,2,1,1,1,0,0,0,1,1,0,0,0,1,2.0
634,2,24, 2,14,1,2,2,4,3,25,3,1,1,2,1,1,0,1,0,0,1,0,1,0,2.0
635,4,12, 2,14,1,5,3,4,2,47,1,3,2,2,1,0,0,1,0,0,1,0,0,1,1.0
636,4,24, 2,14,3,4,2,1,3,28,3,1,1,1,1,0,0,1,0,0,1,0,0,1,1.0
637,4,60,3,157,1,4,3,4,3,21,3,2,1,2,1,0,0,1,0,0,1,0,0,1,1.0
638,4,12, 2,15,1,2,2,3,3,34,3,1,2,1,1,0,0,1,0,0,1,0,0,1,1.0
639,1,42, 3,44,1,4,3,2,2,26,1,2,2,2,1,0,0,1,0,0,1,0,0,1,2.0
640,1,18, 2,8,1,1,2,1,1,27,3,1,1,1,1,0,0,1,0,0,1,1,0,0,2.0
641,2,15, 2,13,1,5,3,4,3,38,3,2,1,1,1,0,0,1,0,0,1,0,1,0,1.0
642,4,15, 2,46,2,3,3,2,2,40,3,1,1,2,1,0,0,1,0,0,1,0,0,0,2.0
643,4,24, 4,19,1,4,4,2,3,33,3,2,1,2,1,0,0,0,0,0,1,0,0,1,1.0
644,1,18, 4,19,1,4,4,1,2,32,3,2,1,2,1,0,0,1,0,0,1,0,0,0,1.0
645,4,36, 3,80,5,2,3,4,3,27,3,2,1,2,1,0,0,1,0,1,0,0,0,1,2.0
646,1,30, 0,46,1,3,1,2,1,32,3,2,1,1,1,0,0,0,0,0,1,0,0,1,1.0
647,4,12, 2,14,3,3,2,2,2,26,3,1,1,1,1,1,0,1,0,0,1,0,0,1,2.0
648,3,24, 2,9,1,4,3,3,4,38,1,1,2,1,1,1,0,1,0,0,0,0,0,1,2.0
649,1,12, 2,7,1,3,3,4,3,40,3,1,2,1,1,0,0,1,0,1,0,0,1,0,2.0
650,1,48, 2,75,1,4,3,1,4,50,3,1,1,2,1,0,0,1,0,0,0,0,0,0,1.0
651,2,12, 2,19,1,3,3,2,2,37,3,1,1,1,1,0,0,1,0,0,1,0,1,0,2.0
652,1,24, 2,23,1,5,3,1,1,45,3,1,1,1,1,1,0,0,1,0,1,0,0,1,2.0
653,2,36, 3,81,2,5,3,4,3,42,3,4,1,2,1,1,0,1,0,0,1,0,0,0,2.0
654,4,24, 4,23,1,4,3,3,3,35,3,2,1,2,1,0,1,1,0,0,1,0,0,1,1.0
655,1,14, 2,40,1,1,3,4,4,22,3,1,1,1,1,1,0,1,0,0,0,0,0,1,1.0
656,2,12, 2,9,1,5,3,4,3,41,1,1,2,1,1,1,0,1,0,0,1,0,1,0,2.0
657,4,48,2,102,5,4,3,3,3,37,2,1,1,2,1,0,0,1,0,0,1,0,0,1,1.0
658,2,30, 0,42,1,3,2,1,3,28,3,2,1,1,1,0,0,1,0,0,1,0,0,1,1.0
659,2,18, 4,64,1,5,3,1,4,41,3,1,1,2,1,0,0,1,0,0,1,0,0,1,1.0
660,3,12, 2,13,1,3,4,4,1,23,3,1,1,1,1,0,0,1,0,1,0,0,0,1,1.0
661,1,12, 2,9,5,3,4,2,3,23,3,1,1,1,1,1,0,1,0,0,1,0,0,1,2.0
662,4,21, 2,22,1,5,3,2,1,50,3,2,1,1,1,0,0,1,0,0,1,0,0,1,1.0
663,2,6, 3,10,1,1,3,1,2,35,2,2,1,2,1,0,0,1,0,0,1,0,0,0,1.0
664,3,6, 4,10,1,3,2,4,2,50,3,1,1,1,1,0,0,1,0,0,1,0,1,0,1.0
665,4,24, 4,63,1,1,3,2,4,27,1,2,1,2,1,0,0,0,1,0,1,0,0,0,1.0
666,2,30, 1,35,4,3,3,2,3,34,2,1,2,2,1,0,0,1,0,0,1,0,0,1,1.0
667,4,48, 1,36,1,3,2,1,1,27,2,1,1,1,1,0,0,1,0,0,1,0,0,1,1.0
668,1,12, 4,48,1,5,3,4,2,43,3,2,1,2,1,1,0,0,1,1,0,0,0,1,2.0
669,3,30, 4,30,1,5,3,4,2,47,3,1,1,1,1,0,0,1,0,0,1,0,0,1,1.0
670,4,24, 4,41,2,3,3,3,2,27,3,2,1,2,1,0,0,1,0,0,1,0,1,0,1.0
671,4,36, 2,57,2,4,3,2,3,31,3,2,1,2,1,0,0,1,0,0,1,0,0,1,1.0
672,4,60,2,104,1,5,3,4,2,42,3,1,1,2,1,1,0,1,0,0,1,0,0,0,1.0
673,4,6, 4,21,3,3,4,2,3,24,3,1,1,1,1,1,0,1,0,0,1,0,0,1,1.0
674,4,21, 3,26,3,2,3,2,1,41,1,1,2,1,1,0,0,1,0,0,1,0,1,0,2.0
675,4,30, 4,45,1,4,2,4,3,26,3,1,1,2,1,0,0,1,0,1,0,0,0,0,1.0
676,4,24, 4,52,1,5,3,4,3,33,3,1,1,2,1,0,0,1,0,0,1,0,0,1,1.0
677,2,72, 2,56,2,3,4,2,3,24,3,1,1,1,1,0,0,1,0,0,1,0,0,1,2.0
678,1,24, 2,24,1,5,3,4,1,64,1,1,1,1,1,0,0,1,0,1,0,0,1,0,1.0
679,4,18, 2,15,1,2,2,1,1,26,3,1,1,1,1,0,0,1,0,0,1,0,0,1,1.0
680,4,6, 2,15,1,2,2,2,4,56,3,1,1,1,1,0,0,1,0,0,1,0,0,1,1.0
681,4,12, 2,23,5,3,3,4,4,37,3,1,1,2,1,0,0,1,0,0,0,0,0,1,1.0
682,4,15, 3,15,1,3,4,3,1,33,1,2,1,1,1,0,0,1,0,0,1,0,0,1,1.0
683,4,24, 4,51,1,2,4,3,4,47,3,3,1,2,1,0,0,1,0,0,0,0,0,1,1.0
684,2,36, 3,99,2,4,3,3,2,31,3,2,2,2,1,0,0,1,0,0,1,0,1,0,1.0
685,4,60, 2,65,5,3,3,4,4,34,3,1,2,2,1,1,0,1,0,0,0,0,0,1,1.0
686,3,10, 4,13,5,4,3,2,2,27,3,2,1,2,1,0,0,1,0,0,1,0,0,1,1.0
687,2,36, 3,29,2,5,3,3,4,30,3,1,1,1,1,1,0,1,0,0,0,0,0,1,1.0
688,4,9, 2,28,2,5,3,4,3,35,3,1,1,2,1,0,0,0,1,0,1,0,0,1,1.0
689,1,12, 2,37,4,3,3,3,2,31,3,1,2,1,1,1,0,1,0,0,1,0,0,1,1.0
690,1,15, 4,10,1,3,1,3,2,25,3,2,1,1,1,0,0,1,0,0,1,0,0,1,1.0
691,2,15, 2,26,2,3,2,2,1,25,3,1,1,1,1,0,0,1,0,0,1,0,1,0,1.0
692,2,24, 2,29,2,2,3,1,3,29,3,1,1,1,1,0,0,1,0,0,1,0,0,1,1.0
693,1,6, 4,47,5,2,3,3,1,44,3,2,2,1,1,1,0,1,0,0,1,0,1,0,1.0
694,4,24, 2,23,1,4,3,2,3,28,3,1,1,2,1,0,0,1,0,0,1,0,0,1,1.0
695,4,6, 2,12,3,3,3,4,2,50,3,1,1,1,1,0,1,1,0,1,0,0,0,1,1.0
696,2,12, 2,11,1,4,3,3,1,29,3,2,1,1,2,0,0,0,0,0,1,0,0,1,1.0
697,4,12, 4,9,1,1,2,2,2,38,3,1,1,1,1,1,0,1,0,0,1,1,0,0,1.0
698,4,18, 4,18,1,3,3,2,3,24,3,2,1,1,1,0,0,1,0,0,1,0,0,1,1.0
699,3,15, 2,19,1,5,3,4,3,40,3,1,1,2,1,0,0,1,0,1,0,0,0,0,1.0
700,4,12, 2,11,3,3,2,4,3,29,3,1,1,1,1,0,0,1,0,1,0,0,1,0,2.0
701,1,48, 4,63,1,5,3,4,4,46,3,2,1,2,1,0,1,1,0,0,0,0,0,1,2.0
702,3,24, 2,14,2,5,2,2,4,47,3,1,1,2,1,0,0,1,0,0,0,0,0,1,1.0
703,2,30, 3,25,2,5,3,2,2,41,2,2,1,1,1,0,0,1,0,0,1,0,0,1,1.0
704,2,27, 2,25,1,2,2,1,2,32,3,1,2,2,1,0,0,1,0,0,1,0,0,1,1.0
705,4,15, 2,53,3,5,2,4,4,35,3,1,1,1,1,1,0,1,0,0,0,0,0,1,1.0
706,2,48, 2,66,2,4,3,2,2,24,3,1,1,1,1,1,0,1,0,0,1,0,0,1,2.0
707,2,12, 0,30,1,2,2,3,2,25,3,2,1,1,1,0,0,1,0,1,0,0,0,1,2.0
708,2,9, 2,12,1,5,2,4,1,25,3,1,1,1,1,0,0,1,0,0,1,0,0,1,1.0
709,2,9, 2,21,1,3,3,2,1,37,3,1,2,1,1,0,0,1,0,0,1,0,1,0,1.0
710,4,18, 4,6,3,5,3,3,2,32,1,2,1,2,1,0,0,1,0,0,1,0,0,0,1.0
711,1,6, 1,12,1,5,2,4,4,35,3,1,1,1,1,0,0,1,0,0,0,0,0,1,2.0
712,4,21, 2,25,5,5,3,4,1,46,3,1,1,2,1,0,1,1,0,0,1,0,0,0,1.0
713,1,9, 4,11,1,3,3,4,1,25,3,2,1,1,1,0,0,1,0,0,1,0,1,0,1.0
714,2,60,2,140,1,4,3,2,4,27,3,1,1,2,1,1,0,1,0,0,1,0,0,0,2.0
715,4,30, 4,76,5,5,3,4,3,63,3,2,1,1,1,0,1,1,0,0,1,0,0,1,1.0
716,4,30, 4,31,5,5,3,2,3,40,3,2,2,2,1,0,0,1,0,0,1,0,0,1,1.0
717,4,18, 2,15,1,3,3,2,4,32,3,1,1,2,1,0,0,1,0,0,0,0,0,0,1.0
718,3,24, 4,31,5,3,3,2,3,31,3,2,1,2,1,0,0,1,0,0,1,0,0,1,1.0
719,2,20, 0,61,2,5,4,4,3,31,1,2,1,2,1,0,1,1,0,0,1,0,0,1,1.0
720,3,9, 0,13,1,2,3,2,3,34,3,2,1,2,1,0,0,1,0,0,1,0,0,0,2.0
721,2,6, 1,4,4,2,2,2,2,24,1,1,2,1,1,0,0,1,0,1,0,0,0,1,2.0
722,1,12, 2,12,1,3,2,2,1,24,3,1,1,1,1,1,0,1,0,0,1,0,1,0,2.0
723,2,9, 2,8,3,3,2,3,1,66,3,1,1,1,1,0,0,1,0,0,1,0,1,0,1.0
724,4,27, 2,26,1,3,2,3,1,21,3,1,1,1,1,1,0,1,0,1,0,0,0,1,2.0
725,4,6, 4,2,4,3,2,2,1,41,1,2,1,1,1,1,0,1,0,0,1,0,1,0,1.0
726,4,15, 4,13,3,3,4,2,2,47,3,2,1,1,1,0,0,1,0,0,1,0,1,0,1.0
727,1,18, 2,19,1,3,2,4,3,25,1,2,1,1,1,0,0,1,0,1,0,0,0,1,2.0
728,2,48, 1,64,1,5,2,3,4,59,3,1,1,1,1,0,0,1,0,1,0,0,0,1,2.0
729,3,24, 4,13,4,3,1,4,1,36,3,2,1,2,1,0,0,1,0,0,1,0,0,1,1.0
730,2,24, 3,64,1,2,3,2,3,33,3,1,1,1,1,0,0,1,0,0,1,0,0,1,1.0
731,1,24, 2,20,1,3,3,4,1,21,3,1,2,1,1,0,0,1,0,1,0,0,1,0,2.0
732,2,8, 2,8,1,4,2,2,1,44,3,1,1,1,1,0,0,0,0,0,1,0,1,0,1.0
733,4,24, 2,26,4,3,2,4,3,28,3,1,1,2,1,0,1,1,0,1,0,0,0,1,1.0
734,4,4, 4,34,1,4,2,1,1,37,3,1,2,1,1,1,0,1,0,0,1,0,0,1,1.0
735,2,36, 1,40,5,2,2,2,4,29,1,1,1,1,1,0,0,1,0,0,1,1,0,0,1.0
736,2,24,2,116,1,3,2,4,3,23,3,2,1,1,1,0,1,1,0,1,0,0,0,0,2.0
737,1,18, 2,44,2,3,3,4,3,35,3,1,2,2,1,1,0,1,0,0,1,0,1,0,1.0
738,4,6, 4,68,1,4,3,3,4,45,3,2,2,2,1,1,0,1,0,0,1,0,0,0,1.0
739,2,30, 0,43,2,3,2,4,3,26,3,2,1,1,1,0,0,1,0,1,0,0,1,0,2.0
740,1,24, 1,23,2,4,3,3,3,32,1,1,1,1,1,1,0,1,0,0,1,0,0,1,1.0
741,2,10, 1,10,1,3,3,4,1,23,2,1,1,1,1,0,0,1,0,0,1,0,1,0,1.0
742,4,21, 2,32,5,5,3,3,2,41,3,1,1,2,1,0,0,1,0,0,1,0,0,1,1.0
743,1,24, 1,25,3,3,3,4,1,22,2,1,1,2,1,0,0,1,0,0,1,0,0,1,1.0
744,1,39,4,142,5,4,3,4,2,30,3,2,1,2,1,0,0,1,0,0,1,0,0,0,1.0
745,1,13, 4,18,1,2,3,1,2,28,1,2,1,1,1,0,0,1,0,0,1,0,1,0,1.0
746,1,15, 2,25,1,1,2,4,3,23,3,1,1,1,1,1,0,1,0,1,0,0,0,1,1.0
747,1,12, 2,13,1,2,2,1,1,37,3,1,1,1,1,1,0,1,0,0,1,0,1,0,2.0
748,4,21, 2,52,5,3,3,3,3,26,3,1,1,1,1,0,1,1,0,0,1,0,0,1,1.0
749,4,15, 2,30,1,4,3,2,3,33,3,1,1,1,1,0,1,1,0,0,1,0,0,1,1.0
750,1,6, 2,4,1,5,2,1,2,49,1,1,1,2,1,0,0,1,0,0,1,0,0,1,1.0
751,1,18, 2,10,1,2,2,2,3,23,3,1,1,1,1,1,0,1,0,0,1,0,1,0,2.0
752,2,12, 2,8,2,4,2,4,1,23,3,1,1,1,1,0,0,1,0,1,0,0,1,0,1.0
753,4,30, 4,58,1,4,2,2,3,25,3,2,1,1,1,0,0,1,0,0,1,0,0,1,1.0
754,4,12, 3,16,4,5,3,4,4,55,3,2,2,1,1,0,0,1,0,0,0,0,0,1,2.0
755,1,24, 2,13,5,4,2,4,4,32,3,1,1,1,1,1,0,1,0,1,0,0,0,1,2.0
756,3,6, 4,13,1,3,3,1,1,74,3,3,2,1,2,1,0,1,0,0,1,1,0,0,1.0
757,3,15, 4,13,5,3,3,4,4,39,3,2,1,2,1,0,0,1,0,0,0,0,0,1,2.0
758,4,24, 2,14,1,3,3,2,1,31,3,1,1,2,1,1,0,0,0,0,1,0,0,1,1.0
759,1,12, 4,7,1,5,3,3,2,35,3,2,1,1,1,1,0,1,0,0,1,0,0,1,2.0
760,4,15, 4,50,5,5,2,4,3,59,3,1,1,2,1,1,0,1,0,0,1,0,0,1,1.0
761,1,18, 4,21,1,3,2,4,1,24,3,2,1,1,1,0,0,1,0,1,0,0,0,1,2.0
762,1,12, 2,22,1,3,3,3,2,24,3,1,1,1,1,0,0,1,0,0,1,0,1,0,1.0
763,4,21,4,127,5,5,3,4,4,30,3,1,1,2,1,1,0,1,0,0,0,0,0,0,2.0
764,4,24, 4,25,2,4,4,3,2,27,3,2,1,2,1,1,0,1,0,0,1,0,0,1,1.0
765,2,12, 2,12,1,5,4,3,1,40,1,2,1,1,1,0,0,0,0,0,1,0,1,0,1.0
766,1,30, 2,31,1,2,1,4,2,31,3,1,1,1,1,0,0,1,0,0,1,0,1,0,2.0
767,4,10, 2,29,5,2,2,4,1,31,3,1,1,1,1,0,1,1,0,1,0,0,0,1,1.0
768,2,12, 4,36,1,5,3,4,3,28,3,3,1,2,1,0,0,1,0,1,0,0,0,1,1.0
769,4,12, 4,17,1,5,3,4,1,63,3,2,1,2,1,0,0,1,0,0,1,0,1,0,1.0
770,1,24, 2,28,5,5,2,4,1,26,3,1,1,1,1,0,1,1,0,1,0,0,0,1,1.0
771,1,36, 4,81,1,3,2,2,4,25,3,2,1,2,1,0,0,1,0,0,1,0,0,0,2.0
772,4,21, 4,33,1,5,3,4,3,36,3,1,1,2,1,0,1,1,0,0,1,0,0,0,1.0
773,4,24, 4,22,2,5,3,4,2,52,1,2,1,1,1,0,0,1,0,0,1,0,0,1,1.0
774,3,12, 4,15,3,1,3,4,4,66,1,3,1,1,1,1,0,1,0,0,0,1,0,0,1.0
775,1,24, 2,14,5,3,2,4,1,25,3,1,1,1,1,1,0,1,0,1,0,0,0,1,2.0
776,4,36, 4,35,1,4,3,4,3,37,3,2,1,2,1,1,0,1,0,0,1,0,0,1,1.0
777,1,18, 2,35,1,4,2,1,1,25,3,1,1,1,1,0,0,0,0,0,1,0,0,1,1.0
778,4,36, 4,57,4,5,3,2,3,38,3,2,1,2,1,0,1,1,0,0,1,0,0,0,1.0
779,2,18, 2,39,1,1,2,4,3,67,3,1,1,2,1,0,0,1,0,0,1,0,0,1,1.0
780,2,39, 4,49,1,4,3,2,1,25,3,2,1,1,1,0,0,0,0,0,1,0,0,1,2.0
781,4,24, 4,19,4,5,3,4,1,60,3,1,1,2,1,1,0,1,0,0,1,0,0,1,1.0
782,2,12, 0,14,1,3,3,2,1,31,3,1,1,2,1,0,0,1,0,0,1,0,1,0,1.0
783,2,12, 2,8,2,2,2,2,2,23,1,1,1,1,1,1,0,1,0,0,1,0,1,0,2.0
784,2,20, 2,65,5,1,1,4,1,60,3,1,1,2,1,0,1,1,0,0,1,0,0,0,1.0
785,2,18, 2,19,4,3,3,2,2,35,3,1,1,2,1,0,0,1,0,0,1,0,1,0,1.0
786,4,22, 2,27,3,5,3,4,3,40,3,1,1,1,1,0,0,1,0,0,1,0,0,1,1.0
787,4,48, 4,28,5,5,3,3,3,38,3,2,2,2,1,0,1,1,0,0,1,0,0,1,1.0
788,2,48, 3,62,1,5,3,4,4,50,3,1,1,1,1,0,0,1,0,0,0,0,0,1,2.0
789,1,40, 4,60,1,3,3,3,4,27,1,1,1,2,1,0,0,1,0,0,1,0,0,1,2.0
790,2,21, 2,12,1,5,2,4,2,39,3,1,2,1,1,0,0,1,0,0,1,0,0,1,2.0
791,4,24, 2,63,5,5,3,4,3,41,3,1,2,2,1,0,1,1,0,0,1,0,0,0,1.0
792,4,6, 4,12,5,3,4,2,2,27,3,2,1,1,1,0,0,1,0,0,1,0,0,1,1.0
793,3,24, 2,29,1,5,1,4,4,51,3,1,1,1,1,0,0,1,0,0,0,0,0,1,1.0
794,4,24, 2,31,3,5,3,3,4,32,3,1,1,2,1,0,0,1,0,1,0,0,0,1,1.0
795,4,9, 2,23,2,2,2,4,2,22,3,1,1,1,1,0,0,1,0,1,0,0,0,1,1.0
796,1,18, 2,75,5,5,3,4,2,51,3,1,2,2,1,0,1,1,0,0,0,0,0,1,2.0
797,4,12, 4,13,1,2,2,4,2,22,3,2,1,1,1,0,0,1,0,1,0,0,1,0,1.0
798,4,24, 3,7,5,5,4,4,3,54,3,2,1,2,1,1,0,1,0,0,1,0,0,1,1.0
799,2,9, 2,15,5,2,3,2,1,35,3,1,1,1,1,1,0,1,0,0,1,1,0,0,1.0
800,4,24, 4,16,1,5,3,4,4,54,3,2,2,1,1,0,0,1,0,0,0,0,0,1,1.0
801,2,18, 4,18,1,5,2,4,1,48,1,2,1,2,1,0,0,0,0,1,0,0,1,0,1.0
802,1,20, 4,43,1,5,2,4,2,24,3,2,1,1,1,0,0,1,0,0,1,0,0,1,1.0
803,4,12, 4,10,5,5,3,4,3,35,3,2,1,1,1,0,0,1,0,0,1,0,0,1,1.0
804,2,12, 2,75,5,1,2,2,1,24,3,1,1,1,1,1,0,1,0,1,0,1,0,0,1.0
805,1,36, 2,93,1,4,3,1,3,24,3,1,1,2,1,1,0,1,0,0,1,0,0,1,2.0
806,2,6, 2,6,1,2,4,3,1,26,3,1,1,1,2,0,0,1,0,0,1,0,1,0,1.0
807,4,12, 4,9,5,5,3,4,1,65,3,4,1,1,1,0,0,1,0,0,1,0,0,1,1.0
808,2,42, 1,93,1,1,3,2,4,55,1,1,1,2,1,0,1,1,0,0,0,0,0,0,1.0
809,2,15, 0,18,1,2,2,1,1,26,3,2,1,1,1,1,0,1,0,1,0,1,0,0,2.0
810,2,8, 2,9,1,2,4,2,1,26,3,1,1,2,1,0,0,1,0,0,1,0,0,1,1.0
811,2,6, 2,5,1,4,4,3,1,28,1,1,1,1,1,0,0,0,0,0,1,0,1,0,1.0
812,1,36, 4,96,1,4,3,4,3,24,3,2,1,2,1,0,1,1,0,0,1,0,0,1,2.0
813,1,48, 2,31,1,3,3,4,3,54,3,1,1,1,1,0,0,1,0,0,1,0,0,1,2.0
814,1,48, 2,39,1,4,3,4,4,46,3,1,2,1,1,1,0,1,0,0,0,0,0,1,2.0
815,2,36, 3,74,1,3,2,2,2,54,3,1,1,1,1,1,0,1,0,1,0,0,0,1,1.0
816,4,6, 2,13,3,3,1,4,1,62,3,1,1,1,1,0,0,1,0,0,1,0,0,1,1.0
817,4,6, 4,16,1,4,2,2,3,24,3,2,1,2,1,0,0,1,0,1,0,0,0,1,1.0
818,1,36,2,159,1,1,1,3,3,43,3,1,1,1,1,0,0,0,1,0,1,0,0,0,1.0
819,1,18, 2,13,1,3,4,3,1,26,1,1,1,1,1,0,0,1,0,0,1,0,0,1,2.0
820,4,12, 2,11,1,3,4,2,1,27,3,2,1,2,1,1,0,1,0,0,1,0,0,1,1.0
821,3,12, 2,30,1,3,4,1,3,24,3,1,1,1,1,0,0,1,0,0,1,0,0,1,1.0
822,1,36, 2,27,1,5,3,2,2,41,1,1,2,1,1,0,0,1,0,0,1,0,0,1,2.0
823,1,8, 4,7,1,5,3,4,1,47,3,2,1,1,1,1,0,1,0,0,1,0,1,0,1.0
824,4,18, 4,38,1,2,1,2,3,35,3,2,1,2,1,0,0,1,0,0,1,0,0,0,1.0
825,1,21, 4,16,1,5,4,3,3,30,3,2,1,2,1,1,0,1,0,0,1,0,0,1,1.0
826,1,18, 4,40,1,5,2,4,1,33,1,3,1,2,1,1,0,1,0,1,0,0,0,1,2.0
827,4,18, 0,42,1,3,3,2,3,36,2,2,2,1,1,0,0,1,0,0,1,0,0,1,2.0
828,1,36, 2,83,5,5,3,4,4,47,3,1,1,1,1,0,1,1,0,0,0,0,0,1,2.0
829,2,48, 3,67,5,3,3,4,4,38,3,1,2,2,1,0,0,1,0,0,0,0,0,1,1.0
830,4,24, 3,24,3,3,3,2,3,44,3,2,2,2,1,0,0,1,0,0,1,0,0,1,1.0
831,1,18, 2,12,1,2,2,3,3,23,3,1,1,2,1,1,0,1,0,1,0,0,0,1,2.0
832,1,45,0,118,1,5,3,4,3,29,3,2,1,1,1,0,0,1,0,1,0,0,0,1,2.0
833,2,24, 2,51,5,5,2,4,3,42,3,1,1,2,1,0,0,1,0,0,1,0,0,1,1.0
834,3,15, 2,23,1,2,2,3,1,25,3,1,1,1,1,0,0,1,0,0,1,0,1,0,2.0
835,1,12, 0,11,1,3,3,4,3,48,1,2,1,1,1,1,0,1,0,0,1,0,0,1,2.0
836,4,12, 2,9,5,3,2,2,3,21,3,1,1,1,1,0,0,1,0,0,1,0,0,1,1.0
837,4,4, 2,6,1,2,2,3,1,23,3,1,2,1,1,0,0,1,0,1,0,0,1,0,1.0
838,1,24, 4,30,1,5,3,4,2,63,3,2,1,2,1,0,1,1,0,0,1,0,0,1,1.0
839,4,24, 4,26,1,5,4,3,1,46,3,2,1,1,1,0,0,0,1,0,1,0,0,1,1.0
840,1,36, 2,52,1,4,3,2,2,29,3,1,1,1,1,0,0,1,0,0,1,0,0,1,2.0
841,4,21, 3,30,1,3,3,2,1,28,2,2,1,1,1,0,1,1,0,0,1,0,1,0,1.0
842,4,18, 2,19,1,2,2,4,1,23,3,1,1,1,1,0,0,1,0,0,1,0,0,1,2.0
843,4,24, 1,16,1,4,3,4,3,50,1,1,1,2,1,0,0,1,0,0,1,0,0,1,1.0
844,4,18, 2,34,1,5,3,4,2,47,1,3,2,2,1,0,0,1,0,0,1,0,0,1,1.0
845,2,21, 2,40,5,4,3,3,3,35,3,1,1,2,1,0,0,1,0,0,1,0,0,1,1.0
846,4,18, 2,68,5,3,3,4,3,68,3,2,1,1,1,1,0,1,0,1,0,0,0,1,2.0
847,4,24, 2,12,1,2,4,2,1,28,3,1,1,1,1,1,0,1,0,0,1,0,0,1,1.0
848,1,9, 2,14,1,4,3,4,1,59,3,1,1,1,1,0,0,1,0,0,1,0,0,1,1.0
849,1,12, 2,7,1,5,3,4,1,57,2,1,1,1,1,0,0,1,0,0,1,0,1,0,2.0
850,1,20, 4,22,1,3,4,2,2,33,1,2,1,1,2,1,0,0,0,1,0,0,0,1,2.0
851,4,24, 4,40,5,4,3,4,2,43,3,2,1,2,1,0,1,1,0,0,1,0,0,1,1.0
852,4,15, 4,15,1,3,3,4,4,35,3,2,1,2,1,0,0,1,0,0,0,0,0,1,1.0
853,1,18, 1,14,1,4,3,4,4,32,3,2,2,1,1,1,0,1,0,0,0,0,1,0,2.0
854,4,36,3,109,1,5,3,2,3,45,3,2,2,2,1,1,0,1,0,0,1,0,0,1,1.0
855,4,24, 2,15,2,2,4,3,1,33,3,1,1,2,1,1,0,1,0,0,1,0,0,1,1.0
856,4,10, 2,9,5,4,2,3,2,40,3,1,1,2,1,0,0,1,0,0,1,0,0,1,1.0
857,4,15, 4,33,1,3,3,2,4,28,3,1,1,2,1,0,0,1,0,0,0,0,0,1,1.0
858,1,15, 2,40,1,3,2,2,2,29,3,1,1,2,1,1,0,1,0,0,1,0,0,1,2.0
859,4,9, 2,36,2,3,3,2,1,26,3,1,2,1,2,1,0,0,0,1,0,0,0,1,1.0
860,4,24, 4,58,4,3,3,2,1,27,3,2,1,1,1,0,1,1,0,0,1,0,0,1,1.0
861,4,18, 3,22,1,3,4,2,3,28,3,1,1,2,1,0,0,1,0,0,1,0,0,1,2.0
862,1,24, 2,24,1,2,2,4,1,35,3,1,1,2,1,0,0,1,0,0,1,0,0,1,2.0
863,4,27, 4,45,4,2,3,2,1,32,2,2,2,2,1,0,0,1,0,0,1,0,1,0,1.0
864,4,10, 2,22,1,3,3,2,1,25,1,1,1,1,1,0,0,1,0,1,0,0,1,0,2.0
865,4,15, 2,22,3,3,2,4,3,20,3,1,1,1,1,0,0,1,0,1,0,0,0,1,1.0
866,1,18, 2,24,1,2,2,1,3,27,2,1,1,1,1,0,0,1,0,0,1,0,0,1,1.0
867,4,12, 4,33,1,5,3,4,2,42,2,1,1,1,1,0,0,1,0,0,1,0,0,1,1.0
868,4,36, 2,74,5,5,3,2,2,37,3,2,1,1,1,0,0,1,0,0,1,0,0,1,1.0
869,1,12, 2,7,1,5,2,4,2,24,3,1,1,1,1,0,0,1,0,1,0,0,0,1,1.0
870,4,36, 3,77,3,4,2,4,3,40,3,2,1,2,1,0,0,1,0,0,1,0,0,1,1.0
871,3,6, 4,13,1,5,3,4,1,46,3,2,2,1,2,1,0,1,0,0,1,0,0,1,1.0
872,1,24, 4,14,2,4,3,1,1,26,3,2,1,2,1,0,0,1,0,0,1,0,0,1,1.0
873,4,15, 2,9,5,2,2,1,1,24,3,1,1,1,1,0,0,1,0,0,1,0,0,1,1.0
874,1,12, 2,36,1,3,3,2,2,29,3,1,2,1,1,0,0,0,1,0,1,0,1,0,1.0
875,2,11, 4,13,4,3,2,4,3,40,3,2,1,1,1,1,0,1,0,0,1,0,0,1,1.0
876,1,18, 1,19,1,2,3,4,4,36,1,1,1,2,1,0,0,0,1,0,0,0,0,0,1.0
877,4,36, 2,36,1,5,3,2,3,28,3,1,1,1,1,0,0,1,0,0,1,0,0,1,1.0
878,1,9, 2,14,1,2,3,2,4,27,3,1,1,2,1,1,0,1,0,0,0,0,0,0,2.0
879,4,30, 4,67,5,4,3,3,2,36,3,2,1,1,1,0,0,1,0,0,1,0,0,1,1.0
880,4,24, 2,78,1,4,3,3,3,38,3,1,1,2,1,0,1,1,0,0,1,0,0,0,1.0
881,4,24, 2,93,5,3,1,4,4,48,3,1,1,2,1,0,1,1,0,0,0,0,0,1,1.0
882,2,30, 4,22,5,5,3,4,1,36,3,2,1,1,1,1,0,1,0,0,1,0,0,1,1.0
883,4,18, 4,11,1,1,2,4,3,65,3,2,1,1,1,0,0,1,0,0,1,1,0,0,1.0
884,2,24, 2,41,1,4,1,3,3,43,3,1,1,2,1,0,0,1,0,0,1,0,0,1,2.0
885,1,12, 2,8,1,2,2,4,2,53,3,1,1,1,1,0,0,1,0,0,1,0,0,1,2.0
886,2,24, 4,28,5,4,3,3,4,34,3,2,2,2,1,0,0,1,0,0,1,0,0,1,1.0
887,2,48,2,157,1,3,3,2,3,23,3,1,1,2,1,0,0,1,0,0,1,0,0,1,2.0
888,4,36, 4,66,1,5,3,4,3,34,3,2,1,2,1,1,0,1,0,0,1,0,0,0,1.0
889,4,28, 1,78,5,2,3,4,1,40,1,2,2,2,1,0,1,0,0,1,0,0,0,1,1.0
890,1,27, 4,24,1,5,3,4,3,43,2,4,2,2,1,0,0,1,0,0,1,0,0,0,1.0
891,4,15, 4,18,1,5,3,4,3,46,3,2,1,2,1,0,0,1,0,0,1,0,0,1,1.0
892,1,12, 4,22,1,3,3,4,2,38,1,2,1,1,2,1,0,1,0,0,1,0,1,0,1.0
893,2,36, 4,58,1,3,3,4,3,34,3,2,1,2,1,0,1,1,0,0,1,0,0,1,1.0
894,4,18, 4,12,5,3,3,3,2,29,3,2,1,2,1,0,0,1,0,0,1,0,0,1,1.0
895,4,36, 3,89,5,4,3,2,3,31,2,1,2,2,1,0,1,1,0,0,1,0,0,0,1.0
896,1,21, 2,26,1,2,2,4,2,28,3,1,1,2,1,0,0,1,0,1,0,0,0,0,1.0
897,4,12, 4,16,4,4,2,2,2,35,3,1,1,1,2,0,0,1,0,0,1,0,0,1,1.0
898,4,15, 2,22,5,4,2,4,1,33,1,1,1,1,1,0,0,1,0,1,0,0,1,0,1.0
899,1,18, 2,42,1,3,3,3,3,42,3,1,1,1,1,0,0,0,1,0,1,0,0,1,2.0
900,1,16, 4,26,1,5,3,4,2,43,1,1,1,2,1,1,0,0,0,1,0,0,0,1,2.0
901,4,20, 4,35,5,2,1,4,1,44,3,2,1,2,1,1,0,1,0,0,1,0,0,1,1.0
902,4,36,4,105,5,5,3,4,4,42,3,2,1,1,1,0,1,1,0,0,0,0,0,1,1.0
903,4,15, 2,14,5,3,4,2,1,40,3,1,1,2,1,0,0,1,0,1,0,0,0,1,1.0
904,4,24, 2,13,1,5,3,1,1,36,3,1,1,2,1,0,0,1,0,0,1,0,0,0,1.0
905,1,12, 2,11,1,3,3,2,1,20,3,1,2,2,1,0,0,1,0,1,0,0,0,0,1.0
906,1,21, 2,38,5,4,3,2,1,24,3,1,1,1,2,1,0,0,1,0,1,0,1,0,1.0
907,2,36, 2,37,5,3,4,2,3,27,3,1,1,1,1,0,0,1,0,0,1,0,0,1,1.0
908,4,15, 3,36,1,2,2,2,2,46,3,2,1,1,1,0,1,1,0,0,1,0,1,0,1.0
909,2,9, 2,32,5,3,2,2,1,33,3,1,1,1,1,1,0,1,0,0,1,0,1,0,1.0
910,4,36, 3,45,1,3,2,4,1,34,3,2,1,1,1,0,0,1,0,0,1,0,0,1,1.0
911,2,24, 4,47,1,2,2,4,3,25,1,1,1,1,1,0,0,1,0,0,1,0,1,0,2.0
912,2,30, 2,30,5,5,2,4,3,25,3,1,1,1,1,0,0,1,0,0,1,0,0,1,1.0
913,4,11, 2,21,4,5,1,2,1,28,3,1,1,2,1,0,0,1,0,0,1,0,0,1,1.0
914,1,24, 1,32,1,3,3,2,2,31,3,1,1,2,1,0,0,1,0,1,0,0,0,1,2.0
915,2,48,0,184,1,3,2,2,2,32,1,1,1,2,2,0,0,1,0,0,1,0,0,0,2.0
916,4,10, 2,28,2,3,3,2,1,32,3,1,2,1,1,0,1,0,1,0,1,0,0,1,1.0
917,1,6,2,149,1,5,3,4,4,68,1,1,1,2,1,1,0,1,0,0,1,0,0,0,2.0
918,1,24, 2,24,2,1,1,1,2,33,3,1,1,1,1,0,0,1,0,0,1,0,0,1,2.0
919,1,24, 2,33,1,5,3,2,2,39,3,1,1,2,1,0,0,1,0,1,0,0,0,0,2.0
920,4,18, 4,18,1,3,2,2,4,28,3,2,1,1,1,0,0,1,0,0,1,0,0,1,1.0
921,4,48,3,127,3,4,3,1,3,37,3,1,1,2,1,0,0,1,0,0,1,0,0,0,1.0
922,1,9, 2,14,1,2,2,4,2,22,3,1,1,1,1,0,0,1,0,1,0,0,0,1,2.0
923,2,12, 2,20,1,4,3,4,2,30,3,1,2,2,1,1,0,1,0,1,0,0,0,1,1.0
924,1,24, 1,69,1,2,1,1,2,55,1,1,1,2,1,0,0,1,0,0,1,0,0,1,2.0
925,1,12, 1,7,1,2,3,2,3,46,1,2,1,2,1,1,0,1,0,0,1,0,0,1,2.0
926,1,18, 4,10,1,2,2,4,2,21,3,1,1,1,1,0,0,1,0,1,0,0,0,1,1.0
927,1,48,2,103,1,4,3,4,4,39,2,3,2,2,1,0,1,1,0,0,0,0,0,1,2.0
928,4,30, 2,19,5,5,3,4,3,58,3,1,1,2,1,0,0,1,0,0,1,0,0,1,1.0
929,1,12, 3,13,1,3,3,2,1,43,3,2,2,1,1,1,0,1,0,0,1,0,1,0,1.0
930,1,24, 2,17,1,2,3,1,2,24,3,1,1,1,2,0,0,0,1,0,1,0,1,0,1.0
931,2,9, 2,17,1,2,2,2,3,22,3,1,1,2,1,0,0,1,0,0,1,0,0,1,2.0
932,4,9, 4,12,1,3,3,1,1,30,3,2,1,1,1,1,0,1,0,0,1,0,0,1,1.0
933,4,12, 4,5,3,5,3,4,2,42,3,2,2,2,1,0,0,1,0,0,1,0,0,1,1.0
934,1,12, 2,15,1,3,2,1,3,23,1,1,1,1,1,0,0,1,0,0,1,0,0,1,1.0
935,2,30, 3,19,2,2,3,3,4,30,2,2,1,1,1,0,0,1,0,0,1,0,0,0,2.0
936,3,9, 2,7,1,3,2,2,1,28,3,1,1,1,1,0,0,1,0,0,1,0,1,0,2.0
937,2,6, 2,21,1,2,4,3,3,30,3,1,1,2,1,0,0,1,0,1,0,0,0,0,1.0
938,2,60, 2,63,1,3,3,4,4,42,3,1,1,1,1,0,0,1,0,0,0,0,0,1,2.0
939,4,24, 4,68,5,3,3,4,2,46,3,2,2,2,1,0,1,1,0,0,1,0,0,0,1.0
940,4,12, 2,35,5,2,3,3,2,45,3,1,2,2,1,1,0,1,0,0,1,0,0,0,1.0
941,4,10, 2,15,1,3,3,2,1,31,3,1,2,1,2,1,0,1,0,0,1,0,1,0,1.0
942,4,24, 2,9,5,4,3,2,3,31,2,1,1,2,1,0,0,1,0,0,1,0,0,1,1.0
943,4,4, 4,15,1,4,3,1,1,42,3,3,2,1,1,1,0,1,0,0,1,0,1,0,1.0
944,1,15, 2,18,1,2,2,1,2,46,3,1,1,1,1,0,0,0,0,1,0,0,0,1,1.0
945,2,48, 0,84,3,2,2,1,3,30,3,2,1,1,1,1,0,1,0,0,1,0,0,1,1.0
946,1,24, 1,33,3,2,3,4,4,30,3,1,2,2,1,0,0,1,0,0,0,0,0,1,2.0
947,4,12, 2,29,5,1,3,4,4,38,3,1,1,2,1,1,0,1,0,0,1,0,0,0,1.0
948,4,18, 2,15,1,2,4,1,2,43,3,1,2,1,1,0,0,0,1,0,1,0,1,0,2.0
949,4,24, 2,36,2,5,3,4,3,31,3,2,1,1,1,0,0,1,0,0,1,0,0,1,2.0
950,2,18, 4,36,1,1,4,3,3,40,3,3,2,2,1,0,0,1,0,0,1,1,0,0,1.0
951,1,36, 3,21,1,4,3,1,3,24,3,2,1,2,1,0,0,1,0,0,1,0,0,1,2.0
952,2,24, 2,41,3,2,2,4,3,28,3,1,1,1,1,0,1,1,0,1,0,0,0,1,2.0
953,4,36,2,110,1,1,2,2,3,26,3,2,1,2,1,0,0,1,0,0,1,0,0,0,2.0
954,1,12, 2,19,1,3,2,4,2,29,3,1,1,2,1,1,0,0,0,0,1,0,0,1,1.0
955,1,24, 4,12,4,5,2,4,2,57,3,2,1,2,1,0,0,1,0,1,0,0,0,0,1.0
956,3,30, 4,37,5,5,3,4,2,49,2,2,1,1,1,0,0,1,0,0,1,0,1,0,1.0
957,2,9, 4,12,1,5,3,4,1,37,3,3,1,1,1,0,0,1,0,0,1,0,1,0,1.0
958,1,28, 2,40,1,3,3,2,3,45,3,1,1,1,1,1,0,1,0,0,1,0,1,0,2.0
959,2,24, 2,31,2,5,3,4,4,30,3,1,1,1,1,0,0,1,0,0,0,0,0,1,1.0
960,4,6, 4,17,1,5,4,2,1,30,3,2,1,1,1,0,0,1,0,1,0,0,0,1,1.0
961,2,21, 3,24,1,3,1,4,2,47,3,2,1,1,1,1,0,1,0,0,1,0,0,1,1.0
962,4,15, 2,36,5,3,3,2,4,29,3,1,1,1,1,1,0,1,0,0,1,0,0,1,1.0
963,4,24, 2,24,3,5,3,2,3,35,1,2,1,2,1,0,0,1,0,0,1,0,0,1,2.0
964,2,6, 2,5,1,2,4,1,2,22,3,1,1,1,1,0,0,1,0,0,1,0,1,0,1.0
965,2,30, 2,17,5,3,2,1,3,26,3,1,1,1,1,0,0,1,0,0,1,0,0,1,1.0
966,2,27, 4,25,3,3,3,2,2,23,3,2,1,1,1,0,0,1,0,0,1,0,1,0,2.0
967,4,15, 2,36,1,5,2,2,3,54,1,1,1,2,1,0,0,1,0,1,0,0,0,0,1.0
968,4,42, 2,72,5,4,4,4,2,29,3,1,1,2,1,0,0,1,0,1,0,0,0,1,1.0
969,1,11, 4,39,1,3,3,2,1,40,3,2,2,1,1,1,0,1,0,0,1,0,1,0,1.0
970,2,15, 2,15,2,3,3,2,1,22,3,1,1,1,1,0,0,0,0,0,1,0,0,1,1.0
971,4,24, 2,74,1,3,3,4,2,43,3,1,2,1,1,1,0,1,0,0,1,0,1,0,1.0
972,1,24, 1,12,1,1,2,4,4,29,3,2,1,1,1,1,0,0,1,1,0,1,0,0,2.0
973,1,60, 2,73,1,5,3,4,4,36,3,1,1,1,1,0,0,0,1,1,0,0,0,1,2.0
974,4,30, 4,28,1,3,2,2,3,33,3,1,1,2,1,0,0,1,0,0,1,0,0,1,1.0
975,3,24, 2,13,3,3,2,3,3,57,3,1,1,1,1,0,0,1,0,0,1,0,1,0,1.0
976,2,6, 2,8,1,3,2,3,1,64,3,1,1,1,1,0,0,0,0,0,1,0,0,1,1.0
977,2,18, 3,24,5,5,3,2,2,42,3,2,1,1,1,0,0,1,0,0,1,0,0,1,1.0
978,4,24, 3,25,1,5,3,4,3,47,3,2,2,1,1,1,0,1,0,0,1,0,1,0,2.0
979,2,15, 1,13,2,3,4,2,2,25,3,1,1,1,1,1,0,1,0,1,0,0,0,1,2.0
980,2,30, 4,84,1,4,3,2,2,49,3,1,1,1,1,0,0,1,0,0,1,0,0,1,2.0
981,4,48, 2,48,1,1,3,2,3,33,1,1,1,2,1,0,0,1,0,1,0,0,0,0,2.0
982,3,21, 2,29,2,3,2,1,3,28,1,1,1,2,1,1,0,1,0,0,1,0,0,0,1.0
983,1,36, 2,82,1,3,3,2,2,26,3,1,2,1,1,0,1,1,0,0,1,0,0,1,2.0
984,4,24, 4,20,1,4,3,2,2,30,3,2,1,1,1,0,0,1,0,0,1,0,1,0,1.0
985,1,15, 4,14,1,3,2,3,2,25,3,2,1,1,1,0,0,1,0,1,0,0,0,1,1.0
986,3,42, 0,63,1,2,1,1,2,33,3,2,1,1,1,0,0,1,0,0,1,0,0,1,1.0
987,4,13, 2,14,2,1,2,4,1,64,3,1,1,1,1,0,0,1,0,0,1,0,0,1,1.0
988,1,24, 2,66,1,1,3,2,4,29,3,1,1,2,1,0,1,1,0,0,0,0,0,0,1.0
989,2,24, 4,17,1,5,3,2,2,48,3,2,1,1,1,0,0,1,0,0,1,0,1,0,1.0
990,4,12, 4,36,5,2,3,1,2,37,3,2,2,1,1,0,0,1,0,0,1,0,1,0,1.0
991,4,15, 1,16,2,5,3,4,3,34,1,1,2,1,1,0,0,1,0,0,1,0,1,0,1.0
992,1,18, 2,19,5,4,4,4,3,23,3,2,1,1,1,0,0,1,0,1,0,0,1,0,1.0
993,1,36, 2,40,1,1,3,3,2,30,3,1,1,2,1,0,0,1,0,0,1,0,0,0,1.0
994,4,12, 2,24,5,5,3,3,3,50,3,1,1,2,1,1,0,1,0,0,1,0,0,1,1.0
995,4,12, 2,17,1,4,2,4,1,31,3,1,1,1,1,0,0,1,0,0,1,0,1,0,1.0
996,1,30, 2,39,1,3,1,4,2,40,3,1,1,2,1,0,1,1,0,0,1,0,0,0,1.0
997,4,12, 2,8,1,5,3,4,3,38,3,1,1,1,1,0,0,1,0,0,1,0,0,1,1.0
998,1,45, 2,18,1,3,3,4,4,23,3,1,1,2,1,0,0,1,0,0,0,0,0,1,2.0
999,2,45, 4,46,2,1,3,4,3,27,3,1,1,1,1,0,1,1,0,0,1,0,0,1,1.0
